Time,Humidity (%),Latitude,CO2 (PPM),Barometric Pressure (mBar),Longitude,Temperature (degC)
2024-05-06T06:00:00-04:00,63.16495914666667,38.52,462.83666395555554,988.1064487111112,-91.31,23.136061875555555
2024-05-06T07:00:00-04:00,63.87368009729514,38.52,473.17485711461114,988.2389456284732,-91.30999999999999,22.962850945733933
2024-05-06T08:00:00-04:00,64.39177228832182,38.519999999999996,463.5210198724083,988.3966674658869,-91.30999999999999,22.9188810281765
2024-05-06T09:00:00-04:00,62.67670710515873,38.519999999999996,476.68708150793657,988.8633518253968,-91.30999999999999,23.611644414682537
2024-05-06T10:00:00-04:00,61.837891212121214,38.519999999999996,468.22185653491437,988.7363520421608,-91.30999999999999,24.63895010628019
2024-05-06T11:00:00-04:00,60.78899938973064,38.519999999999996,455.8860392188552,988.4456742053873,-91.30999999999999,25.29666048468014
2024-05-06T12:00:00-04:00,58.35406133552189,38.519999999999996,455.29891238888894,988.1456425387205,-91.30999999999999,26.42819755252525
2024-05-06T13:00:00-04:00,55.09054886666666,38.519999999999996,452.4312547037037,987.6554474814815,-91.30999999999999,27.14848875185185
2024-05-06T14:00:00-04:00,50.74085248518519,38.519999999999996,450.5322794259259,987.0679081666666,-91.30999999999999,28.489830466666668
2024-05-06T15:00:00-04:00,48.6115404553872,38.519999999999996,442.8003729503367,986.5810002643099,-91.30999999999999,29.298652585353533
2024-05-06T16:00:00-04:00,46.60943151363636,38.519999999999996,453.89665618686865,985.7410471969698,-91.30999999999999,30.267125286363637
2024-05-06T17:00:00-04:00,46.1499150462963,38.519999999999996,438.2310687777778,984.9214843703703,-91.30999999999999,29.915524359259262
2024-05-06T18:00:00-04:00,45.69483632592593,38.519999999999996,454.7588157777778,983.9803497777777,-91.30999999999999,30.177992064814816
2024-05-06T19:00:00-04:00,47.750349972222224,38.519999999999996,433.4492671481482,983.2925825555556,-91.30999999999999,29.710413681481484
2024-05-06T20:00:00-04:00,49.57928140505051,38.519999999999996,429.37835321548823,982.8993409915824,-91.30999999999999,29.12436987087542
2024-05-06T21:00:00-04:00,51.83904037104377,38.519999999999996,456.67484118013465,983.289806563973,-91.30999999999999,28.720512922053874
2024-05-06T22:00:00-04:00,53.87910102474748,38.519999999999996,764.1866834023568,983.141950496633,-91.30999999999999,28.10087322003367
2024-05-06T23:00:00-04:00,57.30824279124579,38.519999999999996,640.5907633265994,982.1243040117845,-91.30999999999999,27.051511888215487
2024-05-07T00:00:00-04:00,58.886197018518516,38.519999999999996,541.1660916111111,981.6395116851852,-91.30999999999999,26.680425124074073
2024-05-07T01:00:00-04:00,60.18720194814815,38.519999999999996,529.9015864259259,980.8383129814814,-91.30999999999999,26.59474767777778
2024-05-07T02:00:00-04:00,61.617793191414144,38.519999999999996,539.7352588872053,979.4888880740741,-91.30999999999999,26.383163198316495
2024-05-07T03:00:00-04:00,62.525191026909305,38.519999999999996,548.1970852367591,978.3973788252899,-91.31,26.348414664996525
2024-05-07T04:00:00-04:00,62.919578218750004,38.52,510.121061875,978.7827576041666,-91.31,25.505825815972223
2024-05-07T05:00:00-04:00,66.71882412452106,38.519999999999996,464.74239634970394,979.6082715246057,-91.30999999999999,22.617435315395333
2024-05-07T06:00:00-04:00,68.92120396026937,38.519999999999996,525.9478241464647,977.7949022407407,-91.30999999999999,21.781996007407407
2024-05-07T07:00:00-04:00,69.9201850402357,38.519999999999996,523.2146170050505,977.5685628653198,-91.30999999999999,21.661296287373737
2024-05-07T08:00:00-04:00,68.58173888333334,38.519999999999996,539.9828034444444,977.4615708518519,-91.30999999999999,22.137499105555555
2024-05-07T09:00:00-04:00,67.31926999175084,38.519999999999996,529.4882845387206,977.4056143535353,-91.30999999999999,23.29963684983165
2024-05-07T10:00:00-04:00,64.80238157407408,38.519999999999996,515.1816920740741,977.3242846296296,-91.30999999999999,25.12792452407407
2024-05-07T11:00:00-04:00,62.06964264882155,38.519999999999996,516.5778490925926,977.3507110067341,-91.30999999999999,26.69520918989899
2024-05-07T12:00:00-04:00,61.28855537037037,38.519999999999996,510.5376066481482,977.4555227037037,-91.30999999999999,27.545400642592593
2024-05-07T13:00:00-04:00,61.645396301851854,38.519999999999996,491.7707437962963,977.5464904814816,-91.30999999999999,27.345434483333335
2024-05-07T14:00:00-04:00,47.96364347777778,38.519999999999996,491.0571282037037,977.5499376851852,-91.30999999999999,30.10651209259259
2024-05-07T15:00:00-04:00,42.25851049292929,38.519999999999996,471.52419839225587,977.5774046565657,-91.30999999999999,31.547888291414143
2024-05-07T16:00:00-04:00,36.27130820925926,38.519999999999996,475.5450050185185,977.1397493367004,-91.30999999999999,32.08173185
2024-05-07T17:00:00-04:00,34.51086747777778,38.519999999999996,481.49831505555557,977.0163332962964,-91.30999999999999,32.072485505555555
2024-05-07T18:00:00-04:00,28.321404851851852,38.519999999999996,477.8521471851852,977.1352885370371,-91.30999999999999,31.56435677222222
2024-05-07T19:00:00-04:00,27.12236444259259,38.519999999999996,490.2503973333333,977.3703714074074,-91.30999999999999,31.229090805555554
2024-05-07T20:00:00-04:00,27.363332512962966,38.519999999999996,513.4363503888889,978.0782748703703,-91.30999999999999,30.530735885185187
2024-05-07T21:00:00-04:00,31.806253933333334,38.519999999999996,511.7956244444444,979.1416623888889,-91.30999999999999,28.06138805925926
2024-05-07T22:00:00-04:00,42.72958468215488,38.519999999999996,536.3932066986532,980.162781909091,-91.30999999999999,24.91346518888889
2024-05-07T23:00:00-04:00,52.33623947407408,38.519999999999996,567.301928074074,980.8187852037038,-91.30999999999999,22.170682816666666
2024-05-08T00:00:00-04:00,57.520775657407405,38.519999999999996,584.7062665185185,980.8026713518518,-91.30999999999999,20.531473977777775
2024-05-08T01:00:00-04:00,59.75073187407408,38.519999999999996,590.2354333333334,980.8324826666666,-91.30999999999999,19.25152587037037
2024-05-08T02:00:00-04:00,61.46005117592593,38.519999999999996,598.8532784814814,980.5293951666666,-91.30999999999999,18.175708087037037
2024-05-08T03:00:00-04:00,63.057489653703705,38.519999999999996,612.862885037037,980.0977180740741,-91.30999999999999,16.81561591296296
2024-05-08T04:00:00-04:00,63.09577591851852,38.519999999999996,622.1116167407407,980.2880193518519,-91.30999999999999,16.352503924074075
2024-05-08T05:00:00-04:00,64.82089966111111,38.519999999999996,625.0978374444444,980.3784754999999,-91.30999999999999,15.595763805555556
2024-05-08T06:00:00-04:00,67.04140488703703,38.519999999999996,629.9275313888888,980.6941386481482,-91.30999999999999,14.805808611111111
2024-05-08T07:00:00-04:00,63.18749463333334,38.519999999999996,629.0647648703704,980.9376861296296,-91.30999999999999,16.22117278888889
2024-05-08T08:00:00-04:00,62.98063472222223,38.519999999999996,619.0436779444444,980.5230292222222,-91.30999999999999,17.688298564814815
2024-05-08T09:00:00-04:00,60.33894484949495,38.519999999999996,572.8165531481482,980.2276466430976,-91.30999999999999,20.62711600639731
2024-05-08T10:00:00-04:00,57.033869660606065,38.519999999999996,547.7850824242424,979.508794611111,-91.30999999999999,23.098876996127945
2024-05-08T11:00:00-04:00,59.86760111851852,38.519999999999996,541.9140634444444,979.117071962963,-91.30999999999999,21.666492805555556
2024-05-08T12:00:00-04:00,67.40109624098125,38.52,535.8771516046176,979.9106901645022,-91.31,20.109036125252526
2024-05-08T13:00:00-04:00,77.61178338457748,38.519999999999996,490.7308187804878,980.0246886425227,-91.30999999999999,18.27929874106923
2024-05-08T14:00:00-04:00,77.16119933518517,38.519999999999996,481.23428866666666,978.8279915370371,-91.30999999999999,20.19572842777778
2024-05-08T15:00:00-04:00,71.25206018703703,38.519999999999996,499.11544581481485,978.7688312407407,-91.30999999999999,23.15404877037037
2024-05-08T16:00:00-04:00,69.21619108333333,38.519999999999996,485.13401432539683,978.100446984127,-91.30999999999999,24.56367010714286
2024-05-08T17:00:00-04:00,68.21804299794239,38.519999999999996,488.7444495473251,978.1040036213992,-91.31,24.967299100823045
2024-05-08T18:00:00-04:00,69.8091060574074,38.519999999999996,483.5323989074074,976.7925067777778,-91.30999999999999,24.20891884074074
2024-05-08T19:00:00-04:00,69.08473023703704,38.519999999999996,476.5834016111111,976.8296948148148,-91.30999999999999,24.380088309259257
2024-05-08T20:00:00-04:00,64.6969779,38.519999999999996,488.3931528888889,977.5401886296296,-91.30999999999999,25.476959453703707
2024-05-08T21:00:00-04:00,66.84747652592593,38.519999999999996,490.1887866111111,977.2567377962963,-91.30999999999999,24.253653924074072
2024-05-08T22:00:00-04:00,69.82307054444443,38.519999999999996,502.5533502962963,977.8399010555555,-91.30999999999999,23.178174025925923
2024-05-08T23:00:00-04:00,64.51631071851851,38.519999999999996,507.560229,978.1230922962964,-91.30999999999999,24.13827767407407
2024-05-09T00:00:00-04:00,64.25912325185185,38.519999999999996,508.4538078703703,978.6464898148148,-91.30999999999999,23.843404175925926
2024-05-09T01:00:00-04:00,64.21588474259259,38.519999999999996,517.4703358148148,979.143597111111,-91.30999999999999,23.720517557407405
2024-05-09T02:00:00-04:00,68.14535140370371,38.519999999999996,511.01066648148145,979.4099081111111,-91.30999999999999,23.325674825925926
2024-05-09T03:00:00-04:00,68.13449677037038,38.519999999999996,493.96095574074076,979.8012601666667,-91.30999999999999,23.67486081111111
2024-05-09T04:00:00-04:00,66.5245318537037,38.519999999999996,505.40618524074074,980.2864259444444,-91.30999999999999,23.963618235185187
2024-05-09T05:00:00-04:00,64.52099604629629,38.519999999999996,497.52961225925924,981.130162462963,-91.30999999999999,24.07586126111111
2024-05-09T06:00:00-04:00,64.59540123333333,38.519999999999996,511.1282158703704,981.2310961666666,-91.30999999999999,23.107612712962965
2024-05-09T07:00:00-04:00,64.25912206851852,38.519999999999996,527.8104201481482,981.6379517407406,-91.30999999999999,22.204607966666668
2024-05-09T08:00:00-04:00,64.68792101111111,38.519999999999996,519.9470717037037,982.5733583148148,-91.30999999999999,21.60776003333333
2024-05-09T09:00:00-04:00,63.23194378888889,38.519999999999996,528.9335402962963,983.3882502222223,-91.30999999999999,21.411282405555554
2024-05-09T10:00:00-04:00,58.87277170555556,38.519999999999996,509.2573280740741,983.8350689074074,-91.30999999999999,22.760519516666665
2024-05-09T11:00:00-04:00,54.338482724074076,38.519999999999996,497.6930508703703,984.2872348888889,-91.30999999999999,24.36944186296296
2024-05-09T12:00:00-04:00,46.80948400925926,38.519999999999996,513.916298925926,984.8983528333333,-91.30999999999999,25.9812951
2024-05-09T13:00:00-04:00,40.34924099120371,38.519999999999996,498.60810800968017,985.3260925505051,-91.30999999999999,27.435752222348484
2024-05-09T14:00:00-04:00,36.99173980925926,38.519999999999996,492.7803900925926,985.5256424444445,-91.30999999999999,27.805543903703704
2024-05-09T15:00:00-04:00,36.24706636111111,38.519999999999996,503.79991822222223,985.7772895740741,-91.30999999999999,27.962619712962965
2024-05-09T16:00:00-04:00,35.070683987037036,38.519999999999996,487.0513168333333,985.7930387037037,-91.30999999999999,28.479924385185186
2024-05-09T17:00:00-04:00,33.642313174074076,38.519999999999996,506.3440273703703,985.8584401296297,-91.30999999999999,28.209437935185186
2024-05-09T18:00:00-04:00,34.005064687037034,38.519999999999996,505.72893744444445,986.0104006666667,-91.30999999999999,27.877403374074074
2024-05-09T19:00:00-04:00,35.779649553703706,38.519999999999996,494.65533225925924,986.4438170740741,-91.30999999999999,27.58626847037037
2024-05-09T20:00:00-04:00,38.14998863703704,38.519999999999996,504.2168899444444,987.2937186481482,-91.30999999999999,26.834722437037037
2024-05-09T21:00:00-04:00,42.92228414444445,38.519999999999996,510.1235324814815,987.9380805740741,-91.30999999999999,24.99658377777778
2024-05-09T22:00:00-04:00,48.07723871481482,38.519999999999996,519.6966601666667,988.7599064629629,-91.30999999999999,23.104128364814812
2024-05-09T23:00:00-04:00,51.230580887037036,38.519999999999996,544.1695480740741,989.2999437962964,-91.30999999999999,22.374924674074073
2024-05-10T00:00:00-04:00,52.8070686074074,38.519999999999996,523.5867309074074,989.3536596296295,-91.30999999999999,21.84719035
2024-05-10T01:00:00-04:00,55.059394220370365,38.519999999999996,521.9922753888889,989.3800802777779,-91.30999999999999,21.305735944444443
2024-05-10T02:00:00-04:00,57.20383931296296,38.519999999999996,518.8746694814814,989.4755619444444,-91.30999999999999,20.642994275925926
2024-05-10T03:00:00-04:00,59.31067264814815,38.519999999999996,524.023195037037,989.4166994999999,-91.30999999999999,19.868087453703705
2024-05-10T04:00:00-04:00,58.92023868518518,38.519999999999996,530.611388574074,989.7717468333334,-91.30999999999999,19.872561324074073
2024-05-10T05:00:00-04:00,59.52440313333333,38.519999999999996,520.7036914814814,990.4212283333333,-91.30999999999999,19.53881130925926
2024-05-10T06:00:00-04:00,58.849805688888885,38.519999999999996,530.2775652407407,990.8112822407406,-91.30999999999999,19.20504977592593
2024-05-10T07:00:00-04:00,60.04438523518518,38.519999999999996,519.674955425926,991.449763537037,-91.30999999999999,18.58189486666667
2024-05-10T08:00:00-04:00,60.7712342037037,38.519999999999996,516.228347925926,992.3543089259259,-91.30999999999999,18.52157914074074
2024-05-10T09:00:00-04:00,58.35399666481481,38.519999999999996,506.84184953703704,993.0132507777778,-91.30999999999999,19.43071286111111
2024-05-10T10:00:00-04:00,57.91930502407408,38.519999999999996,504.9014648518518,993.299385,-91.30999999999999,19.568960812962963
2024-05-10T11:00:00-04:00,53.811041996296304,38.519999999999996,491.7372513333333,993.2455835925925,-91.30999999999999,20.988629342592592
2024-05-10T12:00:00-04:00,49.6366189,38.519999999999996,497.1344136296296,993.1987965555556,-91.30999999999999,22.48923627037037
2024-05-10T13:00:00-04:00,45.222265998148146,38.519999999999996,484.18647888888887,992.8773674629629,-91.30999999999999,23.92746715185185
2024-05-10T14:00:00-04:00,42.45308797777778,38.519999999999996,487.4566286296296,992.4773915555555,-91.30999999999999,24.802048214814814
2024-05-10T15:00:00-04:00,39.16195415740741,38.519999999999996,489.27548951851855,991.7705597407407,-91.30999999999999,26.029458277777778
2024-05-10T16:00:00-04:00,37.71336660555555,38.519999999999996,505.4588797407407,990.9661698518519,-91.30999999999999,26.330863088888886
2024-05-10T17:00:00-04:00,38.37751797222222,38.519999999999996,494.88895709259265,990.5804573888889,-91.30999999999999,26.635014277777778
2024-05-10T18:00:00-04:00,38.226778314814815,38.519999999999996,503.10518566666667,990.2253194259259,-91.30999999999999,26.41470689074074
2024-05-10T19:00:00-04:00,35.729639855387205,38.519999999999996,486.42928450505053,989.9716738249158,-91.30999999999999,26.390222464309762
2024-05-10T20:00:00-04:00,39.673450020370375,38.519999999999996,495.5365684074074,989.8059998888889,-91.30999999999999,25.61288210925926
2024-05-10T21:00:00-04:00,47.26563135925926,38.519999999999996,539.2886690555555,989.5808329814814,-91.30999999999999,22.819124975925927
2024-05-10T22:00:00-04:00,52.91754734444444,38.519999999999996,537.7356988888889,989.655044037037,-91.30999999999999,20.888220464814815
2024-05-10T23:00:00-04:00,55.31018974814815,38.519999999999996,542.016654111111,989.6471127962963,-91.30999999999999,19.742289312962964
2024-05-11T00:00:00-04:00,56.68119817592593,38.519999999999996,545.2615990740741,989.277738388889,-91.30999999999999,18.666512366666666
2024-05-11T01:00:00-04:00,56.91422682592592,38.519999999999996,563.8241852777777,989.0096082407407,-91.30999999999999,18.241956624074074
2024-05-11T02:00:00-04:00,56.631590779629626,38.519999999999996,547.9953472037037,988.6313649074074,-91.30999999999999,17.803741364814815
2024-05-11T03:00:00-04:00,54.9456667962963,38.519999999999996,544.5540612407408,988.1329236666666,-91.30999999999999,18.196033474074074
2024-05-11T04:00:00-04:00,53.316727218518515,38.519999999999996,520.2480405,988.6258563518519,-91.30999999999999,18.759513620370367
2024-05-11T05:00:00-04:00,51.92675756111111,38.519999999999996,537.2769514814814,988.987572,-91.30999999999999,19.373406794444445
2024-05-11T06:00:00-04:00,55.55019329074074,38.519999999999996,540.4070734629629,989.3787779074074,-91.30999999999999,18.197070496296295
2024-05-11T07:00:00-04:00,57.737674875925926,38.519999999999996,550.3309245,989.943097,-91.30999999999999,17.52985157962963
2024-05-11T08:00:00-04:00,53.48374927222222,38.519999999999996,528.4612956851852,990.5325320925926,-91.30999999999999,19.429746922222225
2024-05-11T09:00:00-04:00,45.83496167407407,38.519999999999996,508.0249826111111,990.906025,-91.30999999999999,21.59309164259259
2024-05-11T10:00:00-04:00,40.60835254814815,38.519999999999996,500.92539453703705,991.1118292037038,-91.30999999999999,23.615978755555556
2024-05-11T11:00:00-04:00,31.498883503703706,38.519999999999996,497.4170940185185,991.1177278333333,-91.30999999999999,25.195441022222223
2024-05-11T12:00:00-04:00,24.881786824074073,38.519999999999996,488.68799135185185,991.1073288888889,-91.30999999999999,26.077081861111115
2024-05-11T13:00:00-04:00,23.896266796296295,38.519999999999996,482.243901962963,990.9571158518519,-91.30999999999999,26.821330175925926
2024-05-11T14:00:00-04:00,22.161178083333333,38.519999999999996,499.3279547407408,990.530437111111,-91.30999999999999,27.660918505555557
2024-05-11T15:00:00-04:00,22.30362033703704,38.519999999999996,501.7255160555556,990.0481886296296,-91.30999999999999,27.971224603703703
2024-05-11T16:00:00-04:00,22.38271797962963,38.519999999999996,492.74660418518516,989.3296563703703,-91.30999999999999,28.817702157407407
2024-05-11T17:00:00-04:00,22.111746288888888,38.519999999999996,505.2149718518519,988.7807843333334,-91.30999999999999,29.66223216111111
2024-05-11T18:00:00-04:00,22.45537129259259,38.519999999999996,498.0434401851852,988.4459185185185,-91.30999999999999,30.03593653518519
2024-05-11T19:00:00-04:00,24.10833855,38.519999999999996,487.64074294444447,988.3168318888889,-91.30999999999999,29.51337239074074
2024-05-11T20:00:00-04:00,27.92610252962963,38.519999999999996,492.1973313888889,988.3203393518519,-91.30999999999999,28.421805490740738
2024-05-11T21:00:00-04:00,34.62955858333333,38.519999999999996,518.6243856851852,988.5237582037038,-91.30999999999999,25.62123008148148
2024-05-11T22:00:00-04:00,43.68794159814815,38.519999999999996,538.2604992777777,989.1443771481481,-91.30999999999999,22.74955595925926
2024-05-11T23:00:00-04:00,50.232890427777775,38.519999999999996,558.6554505185185,989.5801100185184,-91.30999999999999,20.768942668518516
2024-05-12T00:00:00-04:00,52.802581259259256,38.519999999999996,573.8981334444445,989.6965697222222,-91.30999999999999,19.84117297962963
2024-05-12T01:00:00-04:00,55.57113638148148,38.519999999999996,593.7080562222222,989.5517577592593,-91.30999999999999,18.77213747222222
2024-05-12T02:00:00-04:00,56.14949919259259,38.519999999999996,598.3346402222222,989.3444582592593,-91.30999999999999,18.148532701851853
2024-05-12T03:00:00-04:00,56.677920596296296,38.519999999999996,589.1613680740741,989.1056394074074,-91.30999999999999,17.617302357407407
2024-05-12T04:00:00-04:00,57.57058382592593,38.519999999999996,600.1824488148147,989.2424650925927,-91.30999999999999,17.142704411111108
2024-05-12T05:00:00-04:00,58.27201412777777,38.519999999999996,593.4183078148149,989.501295851852,-91.30999999999999,16.661211675925927
2024-05-12T06:00:00-04:00,57.716348438888886,38.519999999999996,584.3490202407407,989.638313648148,-91.30999999999999,16.57762850925926
2024-05-12T07:00:00-04:00,57.794067490740744,38.519999999999996,568.0594857407408,990.0358053703704,-91.30999999999999,16.42008255
2024-05-12T08:00:00-04:00,51.95843755185185,38.519999999999996,556.2642501666667,990.3729968888889,-91.30999999999999,18.787820464814818
2024-05-12T09:00:00-04:00,46.02535054259259,38.519999999999996,522.2317045740741,990.4293176111112,-91.30999999999999,21.69338288148148
2024-05-12T10:00:00-04:00,38.25589231666667,38.519999999999996,497.0212632037037,990.2092563148148,-91.30999999999999,24.847411057407406
2024-05-12T11:00:00-04:00,33.15713294259259,38.519999999999996,490.4604597962963,989.8574258333333,-91.30999999999999,27.68458095925926
2024-05-12T12:00:00-04:00,28.55187403888889,38.519999999999996,474.76458237037036,989.3927968518518,-91.30999999999999,30.516556985185183
2024-05-12T13:00:00-04:00,24.32430620925926,38.519999999999996,465.7086244814815,988.6707256111112,-91.30999999999999,32.02707282222222
2024-05-12T14:00:00-04:00,23.327435533333333,38.519999999999996,482.5305107592593,987.7794867037038,-91.30999999999999,32.46551367962963
2024-05-12T15:00:00-04:00,23.517907825925924,38.519999999999996,487.3119434629629,987.3038884259258,-91.30999999999999,32.75632716111111
2024-05-12T16:00:00-04:00,22.907611087037036,38.519999999999996,466.6313327962963,986.8668169074074,-91.30999999999999,33.55005003703704
2024-05-12T17:00:00-04:00,23.314529409259258,38.519999999999996,480.8044511851852,986.2401656666666,-91.30999999999999,33.421138301851855
2024-05-12T18:00:00-04:00,24.09055347962963,38.519999999999996,471.8639257037037,985.8509109074074,-91.30999999999999,33.00619855925926
2024-05-12T19:00:00-04:00,29.25812923703704,38.519999999999996,477.4212395740741,985.4973499074074,-91.30999999999999,32.19817681296296
2024-05-12T20:00:00-04:00,36.50674173316498,38.519999999999996,472.73906094949496,985.5482627609429,-91.30999999999999,30.45665337272727
2024-05-12T21:00:00-04:00,38.614740081481486,38.519999999999996,476.1889749814815,985.7396385555555,-91.30999999999999,28.739963931481483
2024-05-12T22:00:00-04:00,39.38257711666667,38.519999999999996,494.92017009259257,986.1297339629631,-91.30999999999999,28.00279275
2024-05-12T23:00:00-04:00,41.09454410740741,38.519999999999996,482.11457537037035,986.4330674074075,-91.30999999999999,27.302143144444447
2024-05-13T00:00:00-04:00,44.1845552537037,38.519999999999996,500.94668818518517,986.2242679629629,-91.30999999999999,26.355592738888888
2024-05-13T01:00:00-04:00,47.83006840555556,38.519999999999996,538.0607116111111,986.1028896851852,-91.30999999999999,25.186454942592594
2024-05-13T02:00:00-04:00,51.32854265370371,38.519999999999996,529.2492510740741,986.1346031666667,-91.30999999999999,24.08688487777778
2024-05-13T03:00:00-04:00,53.64868551296296,38.519999999999996,557.9320654629629,985.604338962963,-91.30999999999999,23.60893016111111
2024-05-13T04:00:00-04:00,53.50259345185186,38.519999999999996,555.4625037037038,985.357284037037,-91.30999999999999,24.132157783333334
2024-05-13T05:00:00-04:00,54.45502893518518,38.519999999999996,571.0237417962962,985.5453501111111,-91.30999999999999,24.047347194444445
2024-05-13T06:00:00-04:00,55.8930072462963,38.519999999999996,561.4106624074074,985.5846644074074,-91.30999999999999,24.136373900000002
2024-05-13T07:00:00-04:00,58.68940891481482,38.519999999999996,558.2316577777779,985.5813345185185,-91.30999999999999,23.709365122222223
2024-05-13T08:00:00-04:00,58.23883901883239,38.519999999999996,557.2583622740113,985.7984989830509,-91.31,24.372586320150656
2024-05-13T09:00:00-04:00,56.06240039259259,38.519999999999996,519.6260360185184,985.82874,-91.30999999999999,25.161882216666665
2024-05-13T10:00:00-04:00,51.41171516666667,38.519999999999996,508.6695212592593,985.6553291111111,-91.30999999999999,26.61672430740741
2024-05-13T11:00:00-04:00,48.90484459814815,38.519999999999996,495.952070037037,985.283812851852,-91.30999999999999,26.87567388333333
2024-05-13T12:00:00-04:00,48.75718097592593,38.519999999999996,478.5098525740741,985.0097858148148,-91.30999999999999,27.322051998148147
2024-05-13T13:00:00-04:00,48.567397946296296,38.519999999999996,494.380719925926,984.4772342222223,-91.30999999999999,26.355613335185186
2024-05-13T14:00:00-04:00,52.025371416666665,38.519999999999996,471.293694425926,984.2475198333334,-91.30999999999999,25.728326324074075
2024-05-13T15:00:00-04:00,65.6489630282651,38.519999999999996,487.04220828947365,983.4988224853802,-91.30999999999999,23.463486530214425
2024-05-13T16:00:00-04:00,63.693468998148155,38.519999999999996,478.2546835555556,983.3415900370369,-91.30999999999999,24.622783974074075
2024-05-13T17:00:00-04:00,62.96242741111111,38.519999999999996,478.71135364814813,982.6734482037037,-91.30999999999999,24.27271779074074
2024-05-13T18:00:00-04:00,60.571781519774014,38.519999999999996,481.4415606214689,982.0703268173257,-91.31,25.184689451977405
2024-05-13T19:00:00-04:00,59.84957070555556,38.519999999999996,489.8044930740741,981.791128574074,-91.30999999999999,25.382826994444443
2024-05-13T20:00:00-04:00,58.611368411111116,38.519999999999996,483.93535562962967,981.9897489814814,-91.30999999999999,25.579791014814816
2024-05-13T21:00:00-04:00,60.04665249074074,38.519999999999996,500.75211024074076,982.2583226851852,-91.30999999999999,25.146645983333332
2024-05-13T22:00:00-04:00,61.88207268888889,38.519999999999996,514.0324276851852,982.5221738518518,-91.30999999999999,24.73037269074074
2024-05-13T23:00:00-04:00,62.70545358518518,38.519999999999996,529.6258786481482,982.4550031296296,-91.30999999999999,24.296397864814814
2024-05-14T00:00:00-04:00,62.42474187407408,38.519999999999996,511.24067457407403,981.8067736481481,-91.30999999999999,24.339915992592594
2024-05-14T01:00:00-04:00,63.1865867037037,38.519999999999996,523.4041588703705,981.4500717407408,-91.30999999999999,24.00993398148148
2024-05-14T02:00:00-04:00,63.41859930925926,38.519999999999996,534.027098537037,981.1818437777779,-91.30999999999999,23.706663844444446
2024-05-14T03:00:00-04:00,63.08691528703704,38.519999999999996,526.4613226666667,980.6415153888888,-91.30999999999999,23.740835233333332
2024-05-14T04:00:00-04:00,61.984414014141414,38.519999999999996,537.2375785858586,980.3589572323234,-91.30999999999999,24.20822277777778
2024-05-14T05:00:00-04:00,62.30088306044974,38.52,548.2247980383598,980.2341524761905,-91.31,24.251574137698412
2024-05-14T06:00:00-04:00,61.72660030694444,38.519999999999996,532.1324829768519,980.3017326759259,-91.30999999999999,24.421776134722222
2024-05-14T07:00:00-04:00,61.214606690740744,38.519999999999996,539.3685202222222,980.5122631481481,-91.30999999999999,24.650731042592593
2024-05-14T08:00:00-04:00,61.516070453703705,38.519999999999996,547.1360849074074,980.7482922037037,-91.30999999999999,24.6785103462963
2024-05-14T09:00:00-04:00,61.900692138888886,38.519999999999996,530.7187835185185,981.0003513518518,-91.30999999999999,24.91795281111111
2024-05-14T10:00:00-04:00,62.27066684444445,38.519999999999996,507.2693668333333,981.0438576851851,-91.30999999999999,24.976903207407407
2024-05-14T11:00:00-04:00,60.79962871111111,38.519999999999996,504.37684242592593,981.1567871666667,-91.30999999999999,25.099495083333334
2024-05-14T12:00:00-04:00,61.452517837037036,38.519999999999996,490.9583487962963,981.1354467962963,-91.30999999999999,24.900543783333333
2024-05-14T13:00:00-04:00,62.39042500740741,38.519999999999996,484.08015270370373,980.6898888703704,-91.30999999999999,25.591531224074075
2024-05-14T14:00:00-04:00,58.63225717962963,38.519999999999996,496.43657285185185,980.1989013148147,-91.30999999999999,26.33614937037037
2024-05-14T15:00:00-04:00,52.35545007592592,38.519999999999996,433.97624125,979.8108373148149,-91.30999999999999,27.140323268518518
2024-05-14T16:00:00-04:00,49.17423306851852,38.519999999999996,473.71546433333333,979.4618571666667,-91.30999999999999,27.64893594259259
2024-05-14T17:00:00-04:00,52.411176822222224,38.519999999999996,479.1772506851852,979.7633995925927,-91.30999999999999,27.083745488888887
2024-05-14T18:00:00-04:00,58.09360695,38.519999999999996,480.4057013888889,980.3089473703704,-91.30999999999999,26.446246612962963
2024-05-14T19:00:00-04:00,56.55707627592593,38.519999999999996,476.4881050185185,980.6759207777778,-91.30999999999999,26.245312662962966
2024-05-14T20:00:00-04:00,57.97608869444444,38.519999999999996,476.9994630185185,981.3898084259259,-91.30999999999999,25.594954781481484
2024-05-14T21:00:00-04:00,58.757204479629635,38.519999999999996,487.99607105555555,981.9772627592592,-91.30999999999999,25.18540087962963
2024-05-14T22:00:00-04:00,60.95870742407408,38.519999999999996,492.15549622222227,982.7189844999999,-91.30999999999999,24.807382588888892
2024-05-14T23:00:00-04:00,60.3301620962963,38.519999999999996,489.1807986851852,983.1183480925926,-91.30999999999999,24.98520882777778
2024-05-15T00:00:00-04:00,60.555597442592585,38.519999999999996,506.99417803703705,983.3181582037037,-91.30999999999999,24.94698254074074
2024-05-15T01:00:00-04:00,61.972917272222226,38.519999999999996,507.6692339074074,983.3471124444444,-91.30999999999999,24.452466424074075
2024-05-15T02:00:00-04:00,60.8216758962963,38.519999999999996,503.67756194444445,983.2611012592592,-91.30999999999999,24.607699020370372
2024-05-15T03:00:00-04:00,62.03075300925926,38.519999999999996,508.0251832407408,983.7201596851851,-91.30999999999999,23.92481704259259
2024-05-15T04:00:00-04:00,61.352964481481486,38.519999999999996,498.9748796111111,984.2943299074074,-91.30999999999999,24.033277242592593
2024-05-15T05:00:00-04:00,60.73618435555556,38.519999999999996,491.9135167037037,984.592075,-91.30999999999999,23.746967464814816
2024-05-15T06:00:00-04:00,59.9044175,38.519999999999996,486.2667723703704,985.4480729444444,-91.30999999999999,23.66058635925926
2024-05-15T07:00:00-04:00,59.081701466666665,38.519999999999996,507.6216727222222,985.9389414444445,-91.30999999999999,23.91615694814815
2024-05-15T08:00:00-04:00,60.474566338983045,38.519999999999996,511.4505384369115,986.8436006967985,-91.31,23.166126312617703
2024-05-15T09:00:00-04:00,60.229447449999995,38.519999999999996,504.37080498148146,987.0087670185185,-91.30999999999999,22.914829577777777
2024-05-15T10:00:00-04:00,60.744156858757066,38.519999999999996,481.04759928436914,987.4308658945386,-91.31,22.50126422222222
2024-05-15T11:00:00-04:00,59.30000901481481,38.519999999999996,475.31520996296297,987.5950098518518,-91.30999999999999,23.201728824074074
2024-05-15T12:00:00-04:00,57.179149511111106,38.519999999999996,486.1117246111111,987.6290062407408,-91.30999999999999,23.882328942592594
2024-05-15T13:00:00-04:00,54.03925965555556,38.519999999999996,485.20786335185187,987.315234,-91.30999999999999,25.683080244444444
2024-05-15T14:00:00-04:00,48.72623678907721,38.519999999999996,478.49738941619586,987.6911949340866,-91.31,27.409769762711864
2024-05-15T15:00:00-04:00,46.63625840925926,38.519999999999996,484.01067777777774,987.5719266481482,-91.30999999999999,28.143021383333334
2024-05-15T16:00:00-04:00,44.067155685185185,38.519999999999996,479.7854175,987.0674715925926,-91.30999999999999,29.09817092037037
2024-05-15T17:00:00-04:00,43.624818850000004,38.519999999999996,473.6835586111111,986.7422248703704,-91.30999999999999,29.204849294444443
2024-05-15T18:00:00-04:00,44.120189848148144,38.519999999999996,480.5340186666666,986.2583821851853,-91.30999999999999,29.744028055555553
2024-05-15T19:00:00-04:00,47.44641181111111,38.519999999999996,468.757986037037,986.2028165925926,-91.30999999999999,28.87670633703704
2024-05-15T20:00:00-04:00,50.463147255555555,38.519999999999996,560.164843,986.5346192592592,-91.30999999999999,28.104320959259258
2024-05-15T21:00:00-04:00,54.5666402962963,38.519999999999996,443.4399167222222,986.8223098888889,-91.30999999999999,26.630489346296297
2024-05-15T22:00:00-04:00,58.051935209259256,38.519999999999996,483.3851301666666,986.9909392592593,-91.30999999999999,25.36524395
2024-05-15T23:00:00-04:00,60.331044827777774,38.519999999999996,497.3268155555555,987.5679767777779,-91.30999999999999,24.500581516666667
2024-05-16T00:00:00-04:00,60.967188,38.519999999999996,517.5551367407407,987.8892831481481,-91.30999999999999,23.760676951851853
2024-05-16T01:00:00-04:00,61.31591303888889,38.519999999999996,520.2140396481481,987.9155071481481,-91.30999999999999,23.47839900925926
2024-05-16T02:00:00-04:00,62.18178865,38.519999999999996,524.3909557962963,987.9033695185185,-91.30999999999999,23.421560794444442
2024-05-16T03:00:00-04:00,62.00171961851852,38.519999999999996,538.9999019259259,986.9235969814815,-91.30999999999999,23.57292677962963
2024-05-16T04:00:00-04:00,61.92042922592592,38.519999999999996,538.7452115,985.6243823333333,-91.30999999999999,23.336874174074072
2024-05-16T05:00:00-04:00,62.41096533703704,38.519999999999996,516.8993221666666,986.0481453148147,-91.30999999999999,23.03171625
2024-05-16T06:00:00-04:00,62.53907864814814,38.519999999999996,520.9345878518519,986.6931738888889,-91.30999999999999,22.971414007407407
2024-05-16T07:00:00-04:00,62.037742761111105,38.519999999999996,541.2414975185185,987.1875680740741,-91.30999999999999,23.05655481666667
2024-05-16T08:00:00-04:00,62.59396455370371,38.519999999999996,510.4193281666667,988.0830732592592,-91.30999999999999,23.342893883333332
2024-05-16T09:00:00-04:00,65.02912213703704,38.519999999999996,441.3938044259259,988.3764447962964,-91.30999999999999,23.21751128888889
2024-05-16T10:00:00-04:00,65.41489759814814,38.519999999999996,451.02844844444445,988.2376810000001,-91.30999999999999,23.619193375925928
2024-05-16T11:00:00-04:00,64.53728685925925,38.519999999999996,439.0013446481481,988.0476390185185,-91.30999999999999,23.98534697777778
2024-05-16T12:00:00-04:00,61.52537900648148,38.519999999999996,440.3469670694445,987.4495978333333,-91.30999999999999,25.59954220740741
2024-05-16T13:00:00-04:00,58.94061274814815,38.519999999999996,439.62568935185186,987.2445110740741,-91.30999999999999,26.71632231111111
2024-05-16T14:00:00-04:00,59.159216106268495,38.519999999999996,430.70870295937584,986.8524877777778,-91.31,26.901145137207422
2024-05-16T15:00:00-04:00,54.637461307909604,38.519999999999996,419.926246779661,986.1404267608286,-91.31,27.84745857532957
2024-05-16T16:00:00-04:00,54.16639774074074,38.519999999999996,416.36434087037037,986.0858344814814,-91.30999999999999,27.89152638888889
2024-05-16T17:00:00-04:00,55.221263825925924,38.519999999999996,437.8794378148148,985.7232464444444,-91.30999999999999,27.801416614814812
2024-05-16T18:00:00-04:00,61.00234223703704,38.519999999999996,429.5876342222222,985.202694537037,-91.30999999999999,26.82824059444444
2024-05-16T19:00:00-04:00,61.26280566481481,38.519999999999996,410.15583314814813,985.0645310555556,-91.30999999999999,26.661651098148145
2024-05-16T20:00:00-04:00,61.180562720370375,38.519999999999996,421.0757654814815,984.8932034444445,-91.30999999999999,26.800685722222223
2024-05-16T21:00:00-04:00,61.529328505555554,38.519999999999996,459.4470568888889,984.655360074074,-91.30999999999999,26.365152974074075
2024-05-16T22:00:00-04:00,61.72403815185185,38.519999999999996,474.33620727777776,985.4228963703703,-91.30999999999999,25.949423829629627
2024-05-16T23:00:00-04:00,62.436158848148146,38.519999999999996,494.66617772222224,986.0092547037037,-91.30999999999999,25.602770581481483
2024-05-17T00:00:00-04:00,62.15462232222222,38.519999999999996,489.8899968333333,985.6882015185184,-91.30999999999999,25.26179457962963
2024-05-17T01:00:00-04:00,62.4929026425926,38.519999999999996,488.2464354074074,985.5368736111111,-91.30999999999999,24.589414842592593
2024-05-17T02:00:00-04:00,62.977899055555554,38.519999999999996,534.472141962963,985.2009479814816,-91.30999999999999,23.901817412962963
2024-05-17T03:00:00-04:00,63.560969094444445,38.519999999999996,555.020124888889,985.0920626851852,-91.30999999999999,23.401866416666667
2024-05-17T04:00:00-04:00,63.33644311296296,38.519999999999996,531.9800300740741,984.8908644814815,-91.30999999999999,23.063962394444445
2024-05-17T05:00:00-04:00,63.416575512962964,38.519999999999996,542.8560828333334,985.0902703703704,-91.30999999999999,22.845985
2024-05-17T06:00:00-04:00,62.87064905,38.519999999999996,541.4896043518519,985.2951432222221,-91.30999999999999,23.149983775925925
2024-05-17T07:00:00-04:00,62.90854732407408,38.519999999999996,556.3588101296297,985.6787496111112,-91.30999999999999,22.902314229629628
2024-05-17T08:00:00-04:00,63.42159085555556,38.519999999999996,501.87877833333334,985.8352071481481,-91.30999999999999,23.87553926851852
2024-05-17T09:00:00-04:00,64.06956908333333,38.519999999999996,469.0985646296296,986.1198983888888,-91.30999999999999,24.938365787037036
2024-05-17T10:00:00-04:00,62.008523735185186,38.519999999999996,440.1057985925926,985.8609537592594,-91.30999999999999,26.546696961111113
2024-05-17T11:00:00-04:00,58.57222064259259,38.519999999999996,439.13481703703707,985.5046443518519,-91.30999999999999,27.516139683333332
2024-05-17T12:00:00-04:00,52.72161918333334,38.519999999999996,419.7861823888889,985.4111542222222,-91.30999999999999,28.967732196296296
2024-05-17T13:00:00-04:00,50.32241318888889,38.519999999999996,422.36372062962965,985.223046074074,-91.30999999999999,29.727371609259258
2024-05-17T14:00:00-04:00,45.88282946296296,38.519999999999996,418.3110295185185,984.6465702777779,-91.30999999999999,31.379065596296297
2024-05-17T15:00:00-04:00,46.66864691296296,38.519999999999996,414.92184794444444,984.1203838148148,-91.30999999999999,31.077020883333333
2024-05-17T16:00:00-04:00,42.12564791296297,38.519999999999996,413.71951346296294,983.6505161481481,-91.30999999999999,31.761433355555553
2024-05-17T17:00:00-04:00,45.118224250000004,38.519999999999996,422.3200202037037,983.6908618333333,-91.30999999999999,30.550650624074073
2024-05-17T18:00:00-04:00,52.25182242037037,38.519999999999996,422.72773511111114,984.1864654444445,-91.30999999999999,27.48003877962963
2024-05-17T19:00:00-04:00,51.90682939444445,38.519999999999996,426.65521212962966,983.8721693518518,-91.30999999999999,28.110689350000005
2024-05-17T20:00:00-04:00,51.69450622222222,38.519999999999996,438.9720085555556,984.213670111111,-91.30999999999999,28.591054879629628
2024-05-17T21:00:00-04:00,56.15894561481481,38.519999999999996,444.90596792592595,984.272085537037,-91.30999999999999,27.18637282222222
2024-05-17T22:00:00-04:00,59.4722084462963,38.519999999999996,470.19470031481484,984.6141913888889,-91.30999999999999,25.811092057407407
2024-05-17T23:00:00-04:00,61.28833101296296,38.519999999999996,472.92809494444447,985.2486611296297,-91.30999999999999,25.010703444444445
2024-05-18T00:00:00-04:00,61.84179163148148,38.519999999999996,459.56800692592594,985.4829144444444,-91.30999999999999,24.670207746296295
2024-05-18T01:00:00-04:00,61.713784912962964,38.519999999999996,473.65836131481484,985.661796888889,-91.30999999999999,24.11659
2024-05-18T02:00:00-04:00,61.98396403703703,38.519999999999996,481.61820559259263,985.6278395555556,-91.30999999999999,23.51302112222222
2024-05-18T03:00:00-04:00,62.67429972592593,38.519999999999996,505.3798847592592,985.3971073148149,-91.30999999999999,22.72740095
2024-05-18T04:00:00-04:00,62.50399974814815,38.519999999999996,507.96824366666664,985.5958503888888,-91.30999999999999,22.452011712962964
2024-05-18T05:00:00-04:00,61.90226376203704,38.519999999999996,518.3433555185185,985.8694734074073,-91.30999999999999,22.338425083333334
2024-05-18T06:00:00-04:00,63.08213054814815,38.519999999999996,536.6821909444445,986.3189625925927,-91.30999999999999,21.72005558333333
2024-05-18T07:00:00-04:00,62.89969851851852,38.519999999999996,527.3773623703704,986.9860220185185,-91.30999999999999,21.588607605555556
2024-05-18T08:00:00-04:00,62.4033651425926,38.519999999999996,530.3040259814815,987.4614961111112,-91.30999999999999,22.838631651851852
2024-05-18T09:00:00-04:00,60.4431345037037,38.519999999999996,477.1939638703704,987.8784695185185,-91.30999999999999,25.54213674074074
2024-05-18T10:00:00-04:00,57.47316083703704,38.519999999999996,446.87185557407406,988.1976117962963,-91.30999999999999,27.86562172037037
2024-05-18T11:00:00-04:00,52.46596160925926,38.519999999999996,430.0512219814815,988.2809837037038,-91.30999999999999,29.87702676851852
2024-05-18T12:00:00-04:00,45.53968572777777,38.519999999999996,427.9392564814815,988.3452174814814,-91.30999999999999,32.34817244074074
2024-05-18T13:00:00-04:00,42.71561944259259,38.519999999999996,417.2434921851852,988.2551711388888,-91.30999999999999,33.3467092
2024-05-18T14:00:00-04:00,41.24689127777778,38.519999999999996,429.27623518518516,988.0084200185186,-91.30999999999999,33.911334574074075
2024-05-18T15:00:00-04:00,41.14685670185185,38.519999999999996,411.23616824074077,987.7585905740741,-91.30999999999999,34.037767924074075
2024-05-18T16:00:00-04:00,38.62319237474747,38.519999999999996,426.9122056077441,987.4299110151516,-91.30999999999999,34.21861637542088
2024-05-18T17:00:00-04:00,35.45446574259259,38.519999999999996,429.25657194444443,987.2125754814814,-91.30999999999999,35.16149365555555
2024-05-18T18:00:00-04:00,36.201006883333335,38.519999999999996,430.6088796111111,987.2316019629629,-91.30999999999999,34.72949623888889
2024-05-18T19:00:00-04:00,38.32268481111111,38.519999999999996,419.93167814814814,987.4419579814816,-91.30999999999999,33.999944255555555
2024-05-18T20:00:00-04:00,40.76500689444445,38.519999999999996,413.9055632777778,987.6232900185186,-91.30999999999999,33.2210492
2024-05-18T21:00:00-04:00,47.249634729629626,38.519999999999996,446.6162038888889,987.9775677962964,-91.30999999999999,30.988103544444446
2024-05-18T22:00:00-04:00,54.27487802592592,38.519999999999996,487.2732897777778,988.7542238148148,-91.30999999999999,28.226441116666667
2024-05-18T23:00:00-04:00,58.63901168333334,38.519999999999996,526.8712811666667,989.498140537037,-91.30999999999999,26.635498775925928
2024-05-19T00:00:00-04:00,60.70704589074074,38.519999999999996,518.1509116481482,989.695137462963,-91.30999999999999,25.8788398962963
2024-05-19T01:00:00-04:00,61.412819516666666,38.519999999999996,538.012740111111,989.869398462963,-91.30999999999999,25.114813135185184
2024-05-19T02:00:00-04:00,61.56483314444445,38.519999999999996,535.6930949814815,990.0092884814816,-91.30999999999999,24.735853614814815
2024-05-19T03:00:00-04:00,61.81925013518518,38.519999999999996,513.8549785925926,990.0537627222221,-91.30999999999999,24.161415774074076
2024-05-19T04:00:00-04:00,62.45430023518519,38.519999999999996,126.78599245148148,990.0707897962963,-91.30999999999999,23.335803024074075
2024-05-19T05:00:00-04:00,62.378121201851854,38.519999999999996,369.8263010703704,990.2602143518519,-91.30999999999999,23.01293860185185
2024-05-19T06:00:00-04:00,62.23938624814814,38.519999999999996,377.63560312962966,990.8866859814814,-91.30999999999999,23.11783260925926
2024-05-19T07:00:00-04:00,61.697176766666665,38.519999999999996,588.0207708148149,991.7487454259259,-91.30999999999999,23.531526194444442
2024-05-19T08:00:00-04:00,61.14257192962963,38.519999999999996,545.7402317592592,992.2747830925925,-91.30999999999999,25.31658293888889
2024-05-19T09:00:00-04:00,57.55692143518518,38.519999999999996,502.8557558148148,992.5569728518518,-91.30999999999999,27.712442096296297
2024-05-19T10:00:00-04:00,51.74648945185185,38.519999999999996,459.0175027777778,992.4827720555555,-91.30999999999999,30.159270064814812
2024-05-19T11:00:00-04:00,44.58702324814815,38.519999999999996,425.05541951851853,992.1123367962963,-91.30999999999999,32.23058458148148
2024-05-19T12:00:00-04:00,39.646603918518515,38.519999999999996,418.19369272222224,991.8423207037036,-91.30999999999999,34.196154103703705
2024-05-19T13:00:00-04:00,37.23394393518518,38.519999999999996,414.7935649814815,991.424051537037,-91.30999999999999,35.65147680185185
2024-05-19T14:00:00-04:00,36.955869101851846,38.519999999999996,401.29277531481483,990.7903931481483,-91.30999999999999,35.91996975555556
2024-05-19T15:00:00-04:00,37.10066769814815,38.519999999999996,396.5851142037037,990.4244998888888,-91.30999999999999,36.28477778888889
2024-05-19T16:00:00-04:00,35.927587135185185,38.519999999999996,406.2123689915825,989.7633913333334,-91.30999999999999,36.54025956649832
2024-05-19T17:00:00-04:00,36.24440405,38.519999999999996,396.1538628148148,989.1103717962962,-91.30999999999999,36.51221108148148
2024-05-19T18:00:00-04:00,36.32755859629629,38.519999999999996,392.8575207037037,988.594061111111,-91.30999999999999,36.16321834814815
2024-05-19T19:00:00-04:00,38.38059473148148,38.519999999999996,405.1282777592593,988.0261505000001,-91.30999999999999,35.56049109074074
2024-05-19T20:00:00-04:00,41.187644322222226,38.519999999999996,407.46802381481484,988.0854928518518,-91.30999999999999,34.79147357777778
2024-05-19T21:00:00-04:00,45.79791992592593,38.519999999999996,414.9125183888889,987.8202609074074,-91.30999999999999,32.79226045740741
2024-05-19T22:00:00-04:00,51.997090577777776,38.519999999999996,445.7253320185185,987.8912467407407,-91.30999999999999,30.42373878703704
2024-05-19T23:00:00-04:00,52.074323274074075,38.519999999999996,442.77105774074073,988.2438250370371,-91.30999999999999,29.64264758888889
2024-05-20T00:00:00-04:00,51.33713977962963,38.519999999999996,422.08484601851853,988.8926187777778,-91.30999999999999,29.497959664814815
2024-05-20T01:00:00-04:00,50.654064542592586,38.519999999999996,417.6582353333333,987.9895370185186,-91.30999999999999,29.382907737037037
2024-05-20T02:00:00-04:00,50.98237714814815,38.519999999999996,428.49656251851854,989.3610220740741,-91.30999999999999,29.562205981481483
2024-05-20T03:00:00-04:00,52.2317242,38.519999999999996,442.1678047037037,988.9732190740741,-91.30999999999999,29.25657979074074
2024-05-20T04:00:00-04:00,54.12828537962964,38.519999999999996,452.4689036666667,988.3198311481482,-91.30999999999999,28.369221005555556
2024-05-20T05:00:00-04:00,56.167862755555554,38.519999999999996,484.69257924074077,988.3865730925926,-91.30999999999999,27.396070585185182
2024-05-20T06:00:00-04:00,57.401558637037034,38.519999999999996,452.860347962963,988.2057413703703,-91.30999999999999,27.01762744074074
2024-05-20T07:00:00-04:00,58.83390091902072,38.519999999999996,449.21691037664783,987.7183311864408,-91.31,26.515859591337097
2024-05-20T08:00:00-04:00,57.04116237592593,38.519999999999996,431.80898622222225,988.3460524814815,-91.30999999999999,27.06764447037037
2024-05-20T09:00:00-04:00,54.455799657407404,38.519999999999996,421.9653016666667,988.6792116111111,-91.30999999999999,27.78476592222222
2024-05-20T10:00:00-04:00,51.164438287037036,38.519999999999996,416.9548607962963,988.5307478148148,-91.30999999999999,29.389482703703706
2024-05-20T11:00:00-04:00,46.142470129789274,38.519999999999996,412.90493543103446,988.4650881007115,-91.30999999999999,31.690464443965517
2024-05-20T12:00:00-04:00,47.26393422777778,38.519999999999996,414.19945977777775,988.2368861111112,-91.30999999999999,31.480323842592593
2024-05-20T13:00:00-04:00,50.39728741996233,38.519999999999996,411.4316779849341,988.5085228840462,-91.31,30.446870602636537
2024-05-20T14:00:00-04:00,51.84941105555556,38.519999999999996,413.0507763518518,988.7309209814815,-91.30999999999999,30.67530034074074
2024-05-20T15:00:00-04:00,53.23473727962963,38.519999999999996,407.3911212037037,988.4222127222222,-91.30999999999999,30.57005885925926
2024-05-20T16:00:00-04:00,47.18709067592592,38.519999999999996,392.3778236481482,987.7091644259259,-91.30999999999999,32.77418507592593
2024-05-20T17:00:00-04:00,45.83085408333333,38.519999999999996,384.3847909814815,986.8797997222223,-91.30999999999999,34.19557018148148
2024-05-20T18:00:00-04:00,46.55141211296296,38.519999999999996,393.4374412407407,986.3954947777778,-91.30999999999999,34.35795685740741
2024-05-20T19:00:00-04:00,46.615830905555555,38.519999999999996,389.62680905555555,986.0515344259259,-91.30999999999999,34.281018225925926
2024-05-20T20:00:00-04:00,47.07001144410774,38.519999999999996,388.60962204882156,986.2000696851852,-91.30999999999999,33.318794124074074
2024-05-20T21:00:00-04:00,50.488473472222225,38.519999999999996,403.9022998333333,986.2393390740741,-91.30999999999999,31.76572854259259
2024-05-20T22:00:00-04:00,52.98328556296296,38.519999999999996,427.149360925926,986.7778769629629,-91.30999999999999,30.705813827777778
2024-05-20T23:00:00-04:00,55.415567305555555,38.519999999999996,435.2595187407407,987.0715907777777,-91.30999999999999,29.63473603888889
2024-05-21T00:00:00-04:00,56.25926041666666,38.519999999999996,436.152438537037,986.8033553703704,-91.30999999999999,29.023021016666668
2024-05-21T01:00:00-04:00,56.29068081296296,38.519999999999996,440.6463493518519,986.7223004074075,-91.30999999999999,28.545247046296296
2024-05-21T02:00:00-04:00,58.13992365925926,38.519999999999996,455.4350933148149,986.3501336481481,-91.30999999999999,27.462325164814818
2024-05-21T03:00:00-04:00,59.727407307407404,38.519999999999996,466.67067642592593,985.7489670185186,-91.30999999999999,26.523976196296296
2024-05-21T04:00:00-04:00,60.16783927777778,38.519999999999996,455.5369906111111,985.6218916296297,-91.30999999999999,26.118200905555558
2024-05-21T05:00:00-04:00,59.58256489338624,38.519999999999996,458.6107110046805,985.4358085934066,-91.30999999999999,26.029305946805046
2024-05-21T06:00:00-04:00,59.336623447955745,38.519999999999996,460.1809072645502,985.0159142356902,-91.30999999999999,25.88371368367003
2024-05-21T07:00:00-04:00,60.41563200310199,38.519999999999996,414.34740669836646,984.6701563389759,-91.30999999999999,25.485577773411773
2024-05-21T08:00:00-04:00,58.91530854074074,38.519999999999996,443.03041768518517,984.578701574074,-91.30999999999999,26.3761792
2024-05-21T09:00:00-04:00,56.77130178518519,38.519999999999996,423.91266175925927,984.0076312777778,-91.30999999999999,27.687269537037036
2024-05-21T10:00:00-04:00,53.75443515,38.519999999999996,418.39433484848485,984.1064129755891,-91.30999999999999,29.889254899873738
2024-05-21T11:00:00-04:00,50.34375054254651,38.519999999999996,417.66242009835776,983.817586927345,-91.30999999999999,31.324016842923808
2024-05-21T12:00:00-04:00,44.14889363333334,38.519999999999996,415.0301144074074,983.4284766666666,-91.30999999999999,32.8344547
2024-05-21T13:00:00-04:00,41.08535872929894,38.519999999999996,413.6305167038841,982.5550049925445,-91.30999999999999,34.00876152285353
2024-05-21T14:00:00-04:00,38.39648777962963,38.519999999999996,420.26340092592596,981.5783462037036,-91.30999999999999,34.839955125925925
2024-05-21T15:00:00-04:00,37.29337087592592,38.519999999999996,401.18359355555555,980.8337405185185,-91.30999999999999,35.23903065555555
2024-05-21T16:00:00-04:00,37.91624972962963,38.519999999999996,371.9175515555555,980.1440828703704,-91.30999999999999,35.26583213888889
2024-05-21T17:00:00-04:00,38.593352887037035,38.519999999999996,398.01726727777776,979.0413777407408,-91.30999999999999,34.67804171851852
2024-05-21T18:00:00-04:00,39.791006205555554,38.519999999999996,416.5429143148148,979.6228942777777,-91.30999999999999,33.59876498148148
2024-05-21T19:00:00-04:00,39.800280514814816,38.519999999999996,406.94964953703703,980.2916270000001,-91.30999999999999,33.348004511111114
2024-05-21T20:00:00-04:00,61.596075500000005,38.52,395.42654495370374,981.8342474305555,-91.31,28.43599358101852
2024-05-21T21:00:00-04:00,65.04861069382716,38.519999999999996,408.75523767901234,982.4415566172839,-91.31,27.591213520987655
2024-05-21T22:00:00-04:00,64.72634096111112,38.519999999999996,414.32575392592594,983.2576435185185,-91.30999999999999,26.248903283333334
2024-05-21T23:00:00-04:00,64.93965633148147,38.519999999999996,416.9205861481481,983.9539723518519,-91.30999999999999,26.268377168518516
2024-05-22T00:00:00-04:00,65.32134118148149,38.519999999999996,417.93088174074074,984.5745328333334,-91.30999999999999,26.338514035185185
2024-05-22T01:00:00-04:00,65.87016942962963,38.519999999999996,412.82585570370367,985.3132276481482,-91.30999999999999,26.079739277777776
2024-05-22T02:00:00-04:00,65.06847811666667,38.519999999999996,418.48391648148146,985.7967008333333,-91.30999999999999,25.150841005555556
2024-05-22T03:00:00-04:00,62.71003967222222,38.519999999999996,427.42798418518515,986.4603106666666,-91.30999999999999,23.69653945
2024-05-22T04:00:00-04:00,62.09754228148149,38.519999999999996,438.407838537037,986.5980021481481,-91.30999999999999,23.073173505555555
2024-05-22T05:00:00-04:00,62.6317663037037,38.519999999999996,481.15413829629625,986.6154094074075,-91.30999999999999,22.257706168518517
2024-05-22T06:00:00-04:00,64.01654820925926,38.519999999999996,492.68429938888886,987.3929435185185,-91.30999999999999,21.546667216666666
2024-05-22T07:00:00-04:00,63.53835319444445,38.519999999999996,490.3359414629629,987.700639037037,-91.30999999999999,21.600547683333332
2024-05-22T08:00:00-04:00,63.26645092592592,38.519999999999996,475.4771676666667,988.7637626111112,-91.30999999999999,22.368922983333334
2024-05-22T09:00:00-04:00,61.05527767407408,38.519999999999996,453.7098344444445,990.1180235555555,-91.30999999999999,22.765631992592592
2024-05-22T10:00:00-04:00,55.63580835673401,38.519999999999996,428.36981796969695,990.0620113653199,-91.30999999999999,23.872174685521884
2024-05-22T11:00:00-04:00,50.7254944537037,38.519999999999996,434.2377554259259,989.2494873888888,-91.30999999999999,25.647350492592594
2024-05-22T12:00:00-04:00,48.36895409040404,38.519999999999996,433.1302472154882,989.1421140168351,-91.30999999999999,26.927436509427608
2024-05-22T13:00:00-04:00,51.04998767592592,38.519999999999996,428.16566266666666,989.4186252777778,-91.30999999999999,26.697745937037038
2024-05-22T14:00:00-04:00,61.18699944006734,38.519999999999996,439.6992251969697,992.6994486195287,-91.30999999999999,23.702377384848486
2024-05-22T15:00:00-04:00,62.400381796296294,38.519999999999996,434.89204564814816,990.8604799999999,-91.30999999999999,24.125612544444444
2024-05-22T16:00:00-04:00,55.87337217777778,38.519999999999996,424.9567939444444,988.8460077407407,-91.30999999999999,25.481968220370373
2024-05-22T17:00:00-04:00,51.126532750462964,38.519999999999996,433.5539076990741,988.010199587963,-91.30999999999999,26.302519752777776
2024-05-22T18:00:00-04:00,47.49341092824075,38.52,430.9229732037037,988.1520183703705,-91.30999999999999,26.364510490277777
2024-05-22T19:00:00-04:00,43.19430688009259,38.519999999999996,436.9155388148148,988.6089909305556,-91.30999999999999,27.325577811574075
2024-05-22T20:00:00-04:00,49.44570843425926,38.519999999999996,433.94628459259263,989.0180358842592,-91.30999999999999,26.611658738425927
2024-05-22T21:00:00-04:00,55.95113251111111,38.519999999999996,454.81488659722226,989.2211623148148,-91.30999999999999,24.662416713888888
2024-05-22T22:00:00-04:00,58.24632791488095,38.519999999999996,462.26202852579365,989.8703815740741,-91.30999999999999,24.00663913445767
2024-05-22T23:00:00-04:00,58.424750924537044,38.519999999999996,469.4307321018519,990.255815773148,-91.30999999999999,24.009662350925925
2024-05-23T00:00:00-04:00,59.746666598399244,38.519999999999996,485.97990064500937,990.118102165725,-91.31,23.109981298964218
2024-05-23T01:00:00-04:00,60.81246887590799,38.519999999999996,501.5096020702179,989.9213857438795,-91.31,22.545914701237553
2024-05-23T02:00:00-04:00,60.92376018425926,38.519999999999996,515.791444625,989.5624048518517,-91.30999999999999,22.503864469907406
2024-05-23T03:00:00-04:00,61.66919995277778,38.519999999999996,539.7007489675926,989.2941298287037,-91.30999999999999,22.382225205555553
2024-05-23T04:00:00-04:00,61.87987476527778,38.519999999999996,539.7042496574073,989.2014784722222,-91.30999999999999,22.308207101851853
2024-05-23T05:00:00-04:00,62.54202021111111,38.519999999999996,545.7767927361111,989.2123951064816,-91.30999999999999,22.60061495324074
2024-05-23T06:00:00-04:00,62.70738794398149,38.519999999999996,604.0285014629629,989.0050284120371,-91.30999999999999,22.770545047222225
2024-05-23T07:00:00-04:00,62.88679024861111,38.519999999999996,529.6589745972221,988.8949388101852,-91.30999999999999,22.48012403611111
2024-05-23T08:00:00-04:00,62.99042384953704,38.519999999999996,490.3653746712963,989.1681863240741,-91.30999999999999,23.35984802962963
2024-05-23T09:00:00-04:00,63.35360554661017,38.519999999999996,455.33580675141246,988.815236106403,-91.31,24.01588891054614
2024-05-23T10:00:00-04:00,62.71856313935185,38.519999999999996,430.6948115324074,989.0742191481481,-91.30999999999999,24.858961102777776
2024-05-23T11:00:00-04:00,59.89461791805556,38.519999999999996,207.70820985092593,988.7494595324074,-91.30999999999999,25.903423017592594
2024-05-23T12:00:00-04:00,57.79152813564815,38.519999999999996,0.0,988.5751788888889,-91.30999999999999,27.18645154814815
2024-05-23T13:00:00-04:00,55.624743010895884,38.519999999999996,20.621543519303202,988.1240176291365,-91.31,29.201192735001346
2024-05-23T14:00:00-04:00,55.19928436435185,38.519999999999996,0.0,988.0384675925926,-91.30999999999999,29.940014905555554
2024-05-23T15:00:00-04:00,52.48199407268518,38.52,0.0,987.5013844821428,-91.30999999999999,31.12965825925926
2024-05-23T16:00:00-04:00,50.0459807375,38.519999999999996,0.0,987.0191522592593,-91.30999999999999,32.17165295833333
2024-05-23T17:00:00-04:00,49.467636623148145,38.519999999999996,0.0,986.3962330740741,-91.30999999999999,32.30370200185185
2024-05-23T18:00:00-04:00,50.44197166944444,38.519999999999996,0.0,985.7991311388889,-91.30999999999999,32.11123950648148
2024-05-23T19:00:00-04:00,48.8245344574074,38.519999999999996,0.0,985.5184266296296,-91.30999999999999,32.64452203888889
2024-05-23T20:00:00-04:00,51.276574535648145,38.519999999999996,0.0,985.4019001111112,-91.30999999999999,32.0982853375
2024-05-23T21:00:00-04:00,56.247492578240745,38.519999999999996,0.0,985.4889919629629,-91.30999999999999,30.395634561111113
2024-05-23T22:00:00-04:00,59.33743899444445,38.519999999999996,0.0,985.6855848518518,-91.30999999999999,29.014329633333332
2024-05-23T23:00:00-04:00,60.83666359074074,38.519999999999996,9.20612057462963,986.4681630740741,-91.30999999999999,28.33428112777778
2024-05-24T00:00:00-04:00,61.53896260925926,38.519999999999996,54.5143933574074,986.4272929074074,-91.30999999999999,27.80668459814815
2024-05-24T01:00:00-04:00,63.496702446296304,38.519999999999996,80.34131808703704,986.5082160185186,-91.30999999999999,27.144507285185185
2024-05-24T02:00:00-04:00,62.61594331851852,38.519999999999996,0.0,986.2357108333333,-91.30999999999999,27.10782107037037
2024-05-24T03:00:00-04:00,62.35030360277778,38.519999999999996,0.0,985.141656,-91.30999999999999,26.96415763425926
2024-05-24T04:00:00-04:00,63.18872304259259,38.519999999999996,0.6167415833333333,984.4280545555556,-91.30999999999999,26.631403846296294
2024-05-24T05:00:00-04:00,64.61873331481482,38.519999999999996,565.481273262963,984.5675619444445,-91.30999999999999,26.454680866666667
2024-05-24T06:00:00-04:00,65.43714409259259,38.519999999999996,810.5726474166667,984.6579488888889,-91.30999999999999,26.82464065185185
2024-05-24T07:00:00-04:00,65.508474975,38.519999999999996,379.7748100092593,984.2555839074073,-91.30999999999999,26.968446160185184
2024-05-24T08:00:00-04:00,67.09843232175926,38.519999999999996,357.3330071990741,984.1425253148149,-91.30999999999999,27.173306107870367
2024-05-24T09:00:00-04:00,64.96409003434343,38.519999999999996,354.1552138013468,984.1197217777777,-91.30999999999999,28.258833836700337
2024-05-24T10:00:00-04:00,61.230936372222224,38.519999999999996,468.1564883333333,983.1438576111111,-91.30999999999999,29.677468983333334
2024-05-24T11:00:00-04:00,56.79315592407407,38.519999999999996,397.6201778703704,983.3178236851852,-91.30999999999999,31.280959546296295
2024-05-24T12:00:00-04:00,51.75013252037037,38.519999999999996,380.43599253703707,982.9263112777777,-91.30999999999999,33.02761019814815
2024-05-24T13:00:00-04:00,48.637354333333334,38.519999999999996,378.2267834259259,983.0984090185186,-91.30999999999999,33.827851735185185
2024-05-24T14:00:00-04:00,47.412157666666666,38.519999999999996,419.50933185185187,982.3925075370371,-91.30999999999999,34.17650619074074
2024-05-24T15:00:00-04:00,47.700167638888885,38.519999999999996,443.4597278148148,980.9698987777778,-91.30999999999999,34.453481168518515
2024-05-24T16:00:00-04:00,46.72780501481482,38.519999999999996,419.45205464814813,980.3544646481481,-91.30999999999999,34.12693529259259
2024-05-24T17:00:00-04:00,51.59225017824074,38.519999999999996,362.94793681018524,980.6161941203703,-91.30999999999999,32.47426633333333
2024-05-24T18:00:00-04:00,62.66559642037037,38.519999999999996,528.3035080000001,980.9934148703703,-91.30999999999999,27.773802301851852
2024-05-24T19:00:00-04:00,66.60390578703704,38.519999999999996,549.0257536296297,981.0701305740741,-91.30999999999999,27.717380664814815
2024-05-24T20:00:00-04:00,64.74488655925926,38.519999999999996,537.2852854074074,982.119394425926,-91.30999999999999,28.47586187037037
2024-05-24T21:00:00-04:00,65.58371222407408,38.519999999999996,536.1507951481482,983.7652964074075,-91.30999999999999,27.373747037037035
2024-05-24T22:00:00-04:00,63.00373703148148,38.519999999999996,567.1165852592592,984.5755201435185,-91.30999999999999,27.61692992222222
2024-05-24T23:00:00-04:00,63.37795090185185,38.519999999999996,603.9466149629629,985.0261922592592,-91.30999999999999,27.129697659259257
2024-05-25T00:00:00-04:00,63.13563245555555,38.519999999999996,554.0557071851852,985.5678873148149,-91.30999999999999,27.130726881481483
2024-05-25T01:00:00-04:00,62.66428214074074,38.519999999999996,427.848095462963,985.5828370370369,-91.30999999999999,26.17221574259259
2024-05-25T02:00:00-04:00,63.12774974444445,38.519999999999996,527.1681399259259,985.9736117592594,-91.30999999999999,24.573929735185185
2024-05-25T03:00:00-04:00,61.29302837592593,38.519999999999996,535.3010430740741,986.1631631481482,-91.30999999999999,24.13294884814815
2024-05-25T04:00:00-04:00,58.25748977962963,38.519999999999996,524.6048808888888,986.7891070000001,-91.30999999999999,23.886234274074074
2024-05-25T05:00:00-04:00,59.579191612962966,38.519999999999996,498.7617377444445,987.8857798148148,-91.30999999999999,22.763425274074073
2024-05-25T06:00:00-04:00,59.54337997222222,38.519999999999996,526.7778787222222,988.4708255740741,-91.30999999999999,21.79699620925926
2024-05-25T07:00:00-04:00,57.22750985925926,38.519999999999996,517.5316868518519,989.0325568148148,-91.30999999999999,21.96949629259259
2024-05-25T08:00:00-04:00,55.95128413148148,38.519999999999996,508.773525,989.4503717222221,-91.30999999999999,21.770758309259257
2024-05-25T09:00:00-04:00,53.04174694444444,38.519999999999996,512.2605083333333,989.6721728703704,-91.30999999999999,21.66724539074074
2024-05-25T10:00:00-04:00,49.14039571666667,38.519999999999996,491.52831381481485,989.746114962963,-91.30999999999999,22.52267634074074
2024-05-25T11:00:00-04:00,45.5307710462963,38.519999999999996,478.7510638148148,989.4758323703704,-91.30999999999999,24.373324514814815
2024-05-25T12:00:00-04:00,42.61218741296296,38.519999999999996,490.5396430370371,989.2332912037036,-91.30999999999999,26.31842203888889
2024-05-25T13:00:00-04:00,40.55595096296296,38.519999999999996,492.36325755555555,988.7369612592593,-91.30999999999999,27.671011166666666
2024-05-25T14:00:00-04:00,37.02251138333334,38.519999999999996,482.0468983148148,988.1369067777778,-91.30999999999999,28.91826916666667
2024-05-25T15:00:00-04:00,34.64511813703704,38.519999999999996,476.37249146296296,987.5484602592592,-91.30999999999999,30.402945998148148
2024-05-25T16:00:00-04:00,30.498747231481484,38.519999999999996,478.25968811111113,987.0468152777778,-91.30999999999999,31.354827153703702
2024-05-25T17:00:00-04:00,31.65575379074074,38.519999999999996,441.8886091111111,986.436834037037,-91.30999999999999,31.731980264814812
2024-05-25T18:00:00-04:00,33.94881217222222,38.519999999999996,442.63349996296296,985.843403537037,-91.30999999999999,31.652927927777778
2024-05-25T19:00:00-04:00,34.56345790555555,38.519999999999996,442.6263926666667,985.2726966666667,-91.30999999999999,31.324480098148147
2024-05-25T20:00:00-04:00,40.49544535,38.519999999999996,458.1778209074074,984.9504351296296,-91.30999999999999,30.39612203703704
2024-05-25T21:00:00-04:00,43.19163267222222,38.519999999999996,476.40839505555556,985.2095205925926,-91.30999999999999,28.75646052222222
2024-05-25T22:00:00-04:00,47.64654442222222,38.519999999999996,493.45263324074074,985.5865591296296,-91.30999999999999,27.099985116666666
2024-05-25T23:00:00-04:00,49.07723756666667,38.519999999999996,472.07683531481484,984.8760283888889,-91.30999999999999,27.292221775925928
2024-05-26T00:00:00-04:00,52.68648418703704,38.519999999999996,468.0912124074074,984.1222382777778,-91.30999999999999,26.949178696296297
2024-05-26T01:00:00-04:00,54.22613339814815,38.519999999999996,463.42379029629626,982.8171871111111,-91.30999999999999,26.80542864444444
2024-05-26T02:00:00-04:00,53.8577029962963,38.519999999999996,463.7045110185185,982.9734517777778,-91.30999999999999,27.339629177777777
2024-05-26T03:00:00-04:00,58.481330783333334,38.519999999999996,484.7519930925926,982.7233183518518,-91.30999999999999,27.086286496296296
2024-05-26T04:00:00-04:00,65.99737644226579,38.52,348.44804241830064,980.9730978213507,-91.30999999999999,25.955528305010894
2024-05-26T05:00:00-04:00,66.46684936851851,38.519999999999996,1173.5324759999999,979.9730205185185,-91.30999999999999,25.290417016666666
2024-05-26T06:00:00-04:00,68.92221781296297,38.519999999999996,1863.9731257407407,981.5018999074074,-91.30999999999999,25.621231383333335
2024-05-26T07:00:00-04:00,65.88340159444445,38.519999999999996,1755.814364648148,981.498052611111,-91.30999999999999,25.61059662222222
2024-05-26T08:00:00-04:00,65.34509937962963,38.519999999999996,2262.5639131481485,982.7730580555556,-91.30999999999999,24.90914552222222
2024-05-26T09:00:00-04:00,67.09779412222223,38.519999999999996,2490.5195518518517,979.9843211666666,-91.30999999999999,24.106450146296297
2024-05-26T10:00:00-04:00,67.46803788333334,38.519999999999996,2573.299643703704,977.2369682962963,-91.30999999999999,23.494349472222222
2024-05-26T11:00:00-04:00,62.954842411111116,38.519999999999996,2980.5460233333333,977.5721313703704,-91.30999999999999,26.30464510925926
2024-05-26T12:00:00-04:00,55.08792611666667,38.519999999999996,3236.958892777778,977.6169492777777,-91.30999999999999,29.01615569259259
2024-05-26T13:00:00-04:00,48.7187308,38.519999999999996,0.6003900833333334,977.7239138703703,-91.30999999999999,31.300361035185183
2024-05-26T14:00:00-04:00,48.193087840740745,38.519999999999996,0.0,977.4555139074074,-91.30999999999999,32.78902727037037
2024-05-26T15:00:00-04:00,48.057416922222224,38.519999999999996,0.0,977.4197261111111,-91.30999999999999,33.126197814814816
2024-05-26T16:00:00-04:00,51.62735147592593,38.519999999999996,0.0,976.9893966666666,-91.30999999999999,32.73828913333333
2024-05-26T17:00:00-04:00,59.666585718676124,38.519999999999996,220.56599075650118,976.815865177305,-91.30999999999999,29.243183404255316
2024-05-26T18:00:00-04:00,67.56089373611111,38.519999999999996,492.8253045138889,977.7390849999999,-91.30999999999999,24.246979506944445
2024-05-26T19:00:00-04:00,66.94407643333334,38.519999999999996,436.4229693259259,978.7408731481481,-91.30999999999999,24.554289529629628
2024-05-26T20:00:00-04:00,64.86041142962964,38.519999999999996,1191.0284978148147,978.3136692592593,-91.30999999999999,25.034393672222222
2024-05-26T21:00:00-04:00,64.91293572407407,38.519999999999996,1667.6175361111113,978.9307255925926,-91.30999999999999,25.040069105555556
2024-05-26T22:00:00-04:00,63.98936881851852,38.519999999999996,2031.1079657407406,979.4683680740741,-91.30999999999999,24.80756249259259
2024-05-26T23:00:00-04:00,63.19637625925926,38.519999999999996,1959.2292516666666,979.9440178703703,-91.30999999999999,25.042135931481482
2024-05-27T00:00:00-04:00,63.39624367407407,38.519999999999996,1729.1253307407408,980.9167760909091,-91.30999999999999,25.443325472222224
2024-05-27T01:00:00-04:00,62.4832654,38.519999999999996,1412.1166782962964,981.7873367592591,-91.30999999999999,25.774884020370372
2024-05-27T02:00:00-04:00,63.07096709629629,38.519999999999996,1853.5786840370372,982.0495652777778,-91.30999999999999,25.33625552777778
2024-05-27T03:00:00-04:00,62.488760451851846,38.519999999999996,1386.4650235185186,981.9357277777779,-91.30999999999999,24.935295812962963
2024-05-27T04:00:00-04:00,64.47822289259258,38.519999999999996,1212.254450185185,982.0340370370371,-91.30999999999999,24.13161847962963
2024-05-27T05:00:00-04:00,63.30650499259259,38.519999999999996,1154.1913381481484,982.6230596481481,-91.30999999999999,23.91658403148148
2024-05-27T06:00:00-04:00,62.578126690740746,38.519999999999996,1119.2362959629631,983.7873009074075,-91.30999999999999,23.293365681481482
2024-05-27T07:00:00-04:00,62.68181770909091,38.519999999999996,1074.8392159696969,984.9749559074074,-91.30999999999999,23.077455597643098
2024-05-27T08:00:00-04:00,61.74786596111111,38.519999999999996,1433.7349300925925,985.9416162457912,-91.30999999999999,23.83201629814815
2024-05-27T09:00:00-04:00,60.38129891203703,38.519999999999996,1662.5937493849206,986.726365074074,-91.30999999999999,24.037300642460316
2024-05-27T10:00:00-04:00,56.44090353703704,38.519999999999996,1499.3646859259259,987.3963098333334,-91.30999999999999,24.794060385185183
2024-05-27T11:00:00-04:00,51.7987388962963,38.519999999999996,1200.7985301296296,987.895758962963,-91.30999999999999,25.83913215
2024-05-27T12:00:00-04:00,47.625271649999995,38.519999999999996,2219.7445914814816,988.7041,-91.30999999999999,27.615014624074075
2024-05-27T13:00:00-04:00,43.3158703,38.519999999999996,1613.5313775925927,988.8759944259259,-91.30999999999999,29.345137188888888
2024-05-27T14:00:00-04:00,38.889689725925926,38.519999999999996,1832.2254031481482,988.9267257222223,-91.30999999999999,30.226124574074074
2024-05-27T15:00:00-04:00,37.67550035740741,38.519999999999996,2638.627220925926,988.917701962963,-91.30999999999999,31.33898192037037
2024-05-27T16:00:00-04:00,37.9977206074074,38.519999999999996,1381.3577394444444,988.8538784074075,-91.30999999999999,32.0832840462963
2024-05-27T17:00:00-04:00,40.0078910425926,38.519999999999996,1308.5647227777777,988.7662576851852,-91.30999999999999,31.721268344444447
2024-05-27T18:00:00-04:00,57.44910557777778,38.519999999999996,622.9621277037037,989.9705057222222,-91.30999999999999,26.463444768518517
2024-05-27T19:00:00-04:00,58.38537795740741,38.519999999999996,578.1464127962962,989.6057057592592,-91.30999999999999,26.774932512962963
2024-05-27T20:00:00-04:00,59.91443571666667,38.519999999999996,588.1217892592592,989.833140037037,-91.30999999999999,26.63400223888889
2024-05-27T21:00:00-04:00,61.27020316111111,38.519999999999996,588.8394884259259,990.4936607777778,-91.30999999999999,25.433366779629633
2024-05-27T22:00:00-04:00,61.81182090555556,38.519999999999996,586.9623097407407,991.1196039814815,-91.30999999999999,25.10376707962963
2024-05-27T23:00:00-04:00,61.197482853703704,38.519999999999996,603.6003692592592,991.5911382037036,-91.30999999999999,25.0370927462963
2024-05-28T00:00:00-04:00,60.83950506851852,38.519999999999996,605.5676393333334,991.4928111851852,-91.30999999999999,24.47639113148148
2024-05-28T01:00:00-04:00,60.958371311111115,38.519999999999996,610.626328074074,991.6525918888889,-91.30999999999999,23.90693910185185
2024-05-28T02:00:00-04:00,62.19292988888889,38.519999999999996,618.3020963148149,991.9050663888888,-91.30999999999999,22.93484985
2024-05-28T03:00:00-04:00,61.18758078518519,38.519999999999996,602.9985672777779,992.1396023888888,-91.30999999999999,22.78819509074074
2024-05-28T04:00:00-04:00,61.504867687037034,38.519999999999996,633.7729615555556,992.4617184814815,-91.30999999999999,22.025162129629628
2024-05-28T05:00:00-04:00,62.11035008703704,38.519999999999996,632.4210280925926,993.0929383333333,-91.30999999999999,21.281759857407405
2024-05-28T06:00:00-04:00,61.95577573888889,38.519999999999996,652.6377220740741,993.6314247407407,-91.30999999999999,20.715284049999998
2024-05-28T07:00:00-04:00,62.95506090740741,38.519999999999996,647.1747861620371,994.0378108148147,-91.30999999999999,20.058906292129628
2024-05-28T08:00:00-04:00,62.11397431481482,38.519999999999996,608.2029305,994.005666962963,-91.30999999999999,21.303135824074072
2024-05-28T09:00:00-04:00,56.093047231481485,38.519999999999996,577.5833361111111,993.9575663518518,-91.30999999999999,23.474081931481482
2024-05-28T10:00:00-04:00,47.12317653518518,38.519999999999996,510.69121177777777,994.9845352037038,-91.30999999999999,25.486118850000004
2024-05-28T11:00:00-04:00,45.42279401296297,38.519999999999996,485.68439012962966,995.6582179629629,-91.30999999999999,26.857928114814815
2024-05-28T12:00:00-04:00,39.19145584814815,38.519999999999996,490.54619396296295,995.9707667222223,-91.30999999999999,28.218909103703705
2024-05-28T13:00:00-04:00,33.57152836481482,38.519999999999996,537.0606341666667,995.8051206666667,-91.30999999999999,29.488453255555555
2024-05-28T14:00:00-04:00,31.105409116666667,38.519999999999996,610.093537074074,995.5094287222222,-91.30999999999999,30.210777562962964
2024-05-28T15:00:00-04:00,30.48641654814815,38.519999999999996,571.6642218518518,995.1956007222221,-91.30999999999999,30.400582612962964
2024-05-28T16:00:00-04:00,27.00883654074074,38.519999999999996,573.2035162037038,994.7700312037036,-91.30999999999999,30.966096903703704
2024-05-28T17:00:00-04:00,26.926114303703702,38.519999999999996,576.7096009814815,994.3860037777778,-91.30999999999999,31.228527755555554
2024-05-28T18:00:00-04:00,27.1787150537037,38.519999999999996,566.1840496296296,994.1892827962963,-91.30999999999999,31.032446775925923
2024-05-28T19:00:00-04:00,27.876383092592594,38.519999999999996,569.6751821851851,993.933949037037,-91.30999999999999,30.66298267777778
2024-05-28T20:00:00-04:00,32.05662914259259,38.519999999999996,573.4916382592593,993.6702647222222,-91.30999999999999,29.96205799259259
2024-05-28T21:00:00-04:00,40.912388248148154,38.519999999999996,585.4641174444444,993.6545834629629,-91.30999999999999,27.25677928148148
2024-05-28T22:00:00-04:00,48.23331164814815,38.519999999999996,626.9045762037038,993.8298059814814,-91.30999999999999,25.13772932962963
2024-05-28T23:00:00-04:00,49.92521573518518,38.519999999999996,618.344637537037,994.8944902777778,-91.30999999999999,24.460802087037038
2024-05-29T00:00:00-04:00,49.15455192777778,38.519999999999996,612.9904547407407,995.9917382407407,-91.30999999999999,24.749296627777778
2024-05-29T01:00:00-04:00,53.686824138888895,38.519999999999996,629.5345240185185,996.2006778703704,-91.30999999999999,23.296831687037038
2024-05-29T02:00:00-04:00,57.185457624074076,38.519999999999996,635.8378637777777,995.9082523148148,-91.30999999999999,22.177133588888886
2024-05-29T03:00:00-04:00,59.25179216851851,38.519999999999996,655.4097125000001,995.9268368518518,-91.30999999999999,21.287327314814817
2024-05-29T04:00:00-04:00,59.99492930925926,38.519999999999996,668.2695160000001,996.8664104814815,-91.30999999999999,20.94761788888889
2024-05-29T05:00:00-04:00,61.25466342962963,38.519999999999996,587.386780462963,997.418408425926,-91.30999999999999,20.303156435185187
2024-05-29T06:00:00-04:00,60.811757166666666,38.519999999999996,0.0,997.9031732222223,-91.30999999999999,19.88592889814815
2024-05-29T07:00:00-04:00,59.986757320370366,38.519999999999996,0.0,998.2138472222222,-91.30999999999999,20.327111068518516
2024-05-29T08:00:00-04:00,57.40277858518518,38.519999999999996,0.0,998.7937240555555,-91.30999999999999,21.774742598148148
2024-05-29T09:00:00-04:00,50.377266488888885,38.519999999999996,0.0,999.2445653518519,-91.30999999999999,22.89999812037037
2024-05-29T10:00:00-04:00,45.58417406851852,38.519999999999996,0.0,999.400312,-91.30999999999999,23.70321868148148
2024-05-29T11:00:00-04:00,41.3469195037037,38.519999999999996,0.0,999.604582388889,-91.30999999999999,25.079107833333335
2024-05-29T12:00:00-04:00,38.50002876111111,38.519999999999996,0.0,999.4186206851851,-91.30999999999999,25.829417737037037
2024-05-29T13:00:00-04:00,35.13183434074074,38.519999999999996,0.0,998.9783252962962,-91.30999999999999,27.531084307407408
2024-05-29T14:00:00-04:00,31.14307512962963,38.519999999999996,232.30775885185184,998.3381583888889,-91.30999999999999,28.58559514814815
2024-05-29T15:00:00-04:00,30.71804641111111,38.519999999999996,599.4495792407408,997.5129347037036,-91.30999999999999,29.30023608703704
2024-05-29T16:00:00-04:00,28.90994090555556,38.519999999999996,576.3650343518518,997.148624962963,-91.30999999999999,30.111136833333333
2024-05-29T17:00:00-04:00,27.415565789473682,38.519999999999996,585.2322850877193,996.7869718128655,-91.30999999999999,30.372196177387917
2024-05-29T18:00:00-04:00,27.729588631144782,38.519999999999996,574.8532438922559,996.6973892356903,-91.30999999999999,29.71370646447811
2024-05-29T19:00:00-04:00,28.807916814814813,38.519999999999996,595.0462911481482,996.5602372407408,-91.30999999999999,29.597981325925925
2024-05-29T20:00:00-04:00,36.024180038888886,38.519999999999996,603.1280469259259,996.4940143333333,-91.30999999999999,27.52792996296296
2024-05-29T21:00:00-04:00,43.7309627537037,38.519999999999996,585.3842294814815,996.6142736666666,-91.30999999999999,24.719129392592595
2024-05-29T22:00:00-04:00,46.30669570185185,38.519999999999996,1307.8884663333333,996.7366308703703,-91.30999999999999,23.339864972222223
2024-05-29T23:00:00-04:00,47.9727453,38.519999999999996,1456.2469762962965,997.1149831481482,-91.30999999999999,22.865510427777778
2024-05-30T00:00:00-04:00,50.66063443888889,38.519999999999996,1551.0329609259259,997.231948537037,-91.30999999999999,21.902768324074074
2024-05-30T01:00:00-04:00,55.09359788703704,38.519999999999996,1789.141832962963,997.2537269074074,-91.30999999999999,20.468217607407407
2024-05-30T02:00:00-04:00,57.87914269074074,38.519999999999996,1739.8358998148146,997.2924537407406,-91.30999999999999,19.605321225925927
2024-05-30T03:00:00-04:00,59.279430212962964,38.519999999999996,1824.328877777778,997.2726735370369,-91.30999999999999,19.1433144037037
2024-05-30T04:00:00-04:00,60.56274295185185,38.519999999999996,1875.6500085185185,997.1385104444445,-91.30999999999999,18.479540737037038
2024-05-30T05:00:00-04:00,60.1952502462963,38.519999999999996,1640.8089124074074,997.2194082592592,-91.30999999999999,18.89345469259259
2024-05-30T06:00:00-04:00,59.88580968703704,38.519999999999996,1445.5301444444444,997.5256813888889,-91.30999999999999,19.357705218518518
2024-05-30T07:00:00-04:00,59.943442946296294,38.519999999999996,2814.2200851851853,998.0683263888889,-91.30999999999999,19.27151830740741
2024-05-30T08:00:00-04:00,57.60729379259259,38.519999999999996,1497.1660383888889,998.3339037777779,-91.30999999999999,20.775424759259256
2024-05-30T09:00:00-04:00,53.156467301851855,38.519999999999996,611.5584710185184,998.4524865555555,-91.30999999999999,23.136210631481482
2024-05-30T10:00:00-04:00,47.412661692592586,38.519999999999996,592.5172962962963,998.1735814814815,-91.30999999999999,25.12508226111111
2024-05-30T11:00:00-04:00,39.41534356666667,38.519999999999996,595.1910562222222,997.7701872962964,-91.30999999999999,26.99909443148148
2024-05-30T12:00:00-04:00,36.86987406851851,38.519999999999996,595.1626312962962,997.5091155185186,-91.30999999999999,28.390548696296296
2024-05-30T13:00:00-04:00,34.63897095925926,38.519999999999996,575.4087075185184,997.268432462963,-91.30999999999999,29.795983944444444
2024-05-30T14:00:00-04:00,35.797843103703705,38.519999999999996,582.0623300833333,996.4189181851851,-91.30999999999999,30.052983489814817
2024-05-30T15:00:00-04:00,35.39287687037037,38.519999999999996,587.2172133518519,995.7695990925927,-91.30999999999999,31.12695463148148
2024-05-30T16:00:00-04:00,34.85104585185185,38.519999999999996,581.7376863148148,994.9545936666667,-91.30999999999999,31.52521270185185
2024-05-30T17:00:00-04:00,34.91684978703704,38.519999999999996,580.2138616296296,994.6688254629629,-91.30999999999999,31.188545292592593
2024-05-30T18:00:00-04:00,36.39341996666667,38.519999999999996,563.3050953333334,994.3220822962962,-91.30999999999999,30.874403187037036
2024-05-30T19:00:00-04:00,38.170806105555556,38.519999999999996,590.5947165925925,994.1677891851851,-91.30999999999999,30.56749272962963
2024-05-30T20:00:00-04:00,41.37216357407408,38.519999999999996,583.4857604259258,994.1367279074075,-91.30999999999999,29.31006870925926
2024-05-30T21:00:00-04:00,43.531365309259265,38.519999999999996,575.895325611111,994.091174962963,-91.30999999999999,28.079762124074076
2024-05-30T22:00:00-04:00,43.21421874814815,38.519999999999996,585.0569707222222,994.4679689259259,-91.30999999999999,27.238416244444444
2024-05-30T23:00:00-04:00,44.68021249814815,38.519999999999996,603.5317044814815,994.7775711296297,-91.30999999999999,26.58805231666667
2024-05-31T00:00:00-04:00,45.66747800925926,38.519999999999996,603.9423412592593,995.0781427037037,-91.30999999999999,25.97180991296296
2024-05-31T01:00:00-04:00,44.63274120925926,38.519999999999996,589.9372675555555,995.2288262037038,-91.30999999999999,25.491412772222226
2024-05-31T02:00:00-04:00,48.49278878888889,38.519999999999996,614.5277876666667,995.1052666666667,-91.30999999999999,24.120104116666667
2024-05-31T03:00:00-04:00,50.94067181851852,38.519999999999996,631.6651376851852,995.2097224259259,-91.30999999999999,23.386680090740743
2024-05-31T04:00:00-04:00,52.72275816111111,38.519999999999996,641.8650915185185,995.1754296111111,-91.30999999999999,22.91720895925926
2024-05-31T05:00:00-04:00,53.72310085,38.519999999999996,638.7512336851852,995.2692500925926,-91.30999999999999,22.50565759074074
2024-05-31T06:00:00-04:00,53.955386303703705,38.519999999999996,622.4979901666667,995.5756003148148,-91.30999999999999,22.259387214814815
2024-05-31T07:00:00-04:00,54.915667011111104,38.519999999999996,631.6420652962963,996.161099037037,-91.30999999999999,22.039415683333335
2024-05-31T08:00:00-04:00,53.37074071666667,38.519999999999996,636.9573427037037,996.7079674074074,-91.30999999999999,23.660073331481485
2024-05-31T09:00:00-04:00,51.93183387222222,38.519999999999996,614.3140186481481,996.9444283703704,-91.30999999999999,23.877021301851855
2024-05-31T10:00:00-04:00,48.941965294444444,38.519999999999996,597.8214144074075,996.6162918518518,-91.30999999999999,24.935340835185183
2024-05-31T11:00:00-04:00,46.41561291851852,38.519999999999996,577.466505537037,996.1028487037037,-91.30999999999999,26.01357273888889
2024-05-31T12:00:00-04:00,42.588936483333335,38.519999999999996,589.9575812592593,995.5817885370369,-91.30999999999999,27.262321346296297
2024-05-31T13:00:00-04:00,39.86384634444445,38.519999999999996,595.2468266851852,994.9855867777777,-91.30999999999999,27.913448574074074
2024-05-31T14:00:00-04:00,40.443288072222224,38.519999999999996,573.0608728703703,994.5520228333334,-91.30999999999999,28.45817972407407
2024-05-31T15:00:00-04:00,41.42572366481481,38.519999999999996,726.4524088888888,994.2062692222222,-91.30999999999999,28.674866627777778
2024-05-31T16:00:00-04:00,41.294590487037034,38.519999999999996,705.6109878333333,993.4349500370371,-91.30999999999999,29.186442338888888
2024-05-31T17:00:00-04:00,41.880592953703704,38.519999999999996,588.0354081111111,992.8763981666667,-91.30999999999999,29.94213024814815
2024-05-31T18:00:00-04:00,51.29748759629629,38.519999999999996,643.3511177592593,993.0590778888889,-91.30999999999999,28.163114979629633
2024-05-31T19:00:00-04:00,60.25124682037037,38.519999999999996,600.5757142777778,993.1698379444445,-91.30999999999999,25.83215196851852
2024-05-31T20:00:00-04:00,63.17538545740741,38.519999999999996,558.0698360555556,992.9263241666667,-91.30999999999999,25.16240709074074
2024-05-31T21:00:00-04:00,65.72761305092592,38.519999999999996,572.8333529166666,992.6856044444445,-91.30999999999999,24.327235128703705
2024-05-31T22:00:00-04:00,67.98301573148147,38.519999999999996,578.220910462963,992.3141506481481,-91.30999999999999,23.463230240740742
2024-05-31T23:00:00-04:00,66.88776439074074,38.519999999999996,594.1300869074074,992.6284863518518,-91.30999999999999,23.85136482222222
2024-06-01T00:00:00-04:00,65.73254289444444,38.519999999999996,604.514136111111,991.9795136481482,-91.30999999999999,24.316425631481483
2024-06-01T01:00:00-04:00,64.37726950555556,38.519999999999996,637.5502585185185,991.2477418333333,-91.30999999999999,24.799575927777777
2024-06-01T02:00:00-04:00,63.595298192592594,38.519999999999996,627.354403425926,990.8243998148149,-91.30999999999999,25.11074121111111
2024-06-01T03:00:00-04:00,63.51353980555555,38.519999999999996,601.6171642222222,990.2690987962964,-91.30999999999999,25.161459462962963
2024-06-01T04:00:00-04:00,64.62373401296297,38.519999999999996,611.5692439814815,989.8022281851852,-91.30999999999999,24.77845702222222
2024-06-01T05:00:00-04:00,64.93598674074073,38.519999999999996,617.2743422962963,989.3871597222222,-91.30999999999999,24.498494870370372
2024-06-01T06:00:00-04:00,65.75515711851853,38.519999999999996,632.8830543333333,989.4095268703703,-91.30999999999999,24.3176607962963
2024-06-01T07:00:00-04:00,64.28312832222223,38.519999999999996,635.6805387962962,989.8041107777777,-91.30999999999999,24.84055488703704
2024-06-01T08:00:00-04:00,63.786527935185184,38.519999999999996,653.2427657962963,989.9940659074074,-91.30999999999999,25.24601680185185
2024-06-01T09:00:00-04:00,62.61386405555556,38.519999999999996,612.5843743703704,989.8091482407407,-91.30999999999999,25.908615962962966
2024-06-01T10:00:00-04:00,62.70200945185185,38.519999999999996,608.4152614814815,989.7976272222222,-91.30999999999999,26.247635957407407
2024-06-01T11:00:00-04:00,60.42641362037037,38.519999999999996,610.8216912037037,989.6285216851852,-91.30999999999999,26.956336437037034
2024-06-01T12:00:00-04:00,58.44937071111111,38.519999999999996,583.6988984074073,989.7393367592592,-91.30999999999999,27.436412625925925
2024-06-01T13:00:00-04:00,57.02342650740741,38.519999999999996,568.8884990185185,989.7303710740741,-91.30999999999999,27.77322412962963
2024-06-01T14:00:00-04:00,57.26528346851852,38.519999999999996,583.7450724444444,989.6092826111111,-91.30999999999999,27.839271007407408
2024-06-01T15:00:00-04:00,57.753733081481485,38.519999999999996,583.000229,989.2032630185186,-91.30999999999999,27.962216885185185
2024-06-01T16:00:00-04:00,56.44444718148148,38.519999999999996,578.6094783333334,989.0183394444445,-91.30999999999999,29.093981642592595
2024-06-01T17:00:00-04:00,57.64166106296296,38.519999999999996,555.3748854074074,988.8020104074075,-91.30999999999999,28.799816683333333
2024-06-01T18:00:00-04:00,55.83611526111111,38.519999999999996,556.7184371481482,988.7286132592593,-91.30999999999999,29.336531064814817
2024-06-01T19:00:00-04:00,53.26515081666666,38.519999999999996,561.495685462963,988.8559484629629,-91.30999999999999,29.163008162962964
2024-06-01T20:00:00-04:00,50.839216253703704,38.519999999999996,558.7688752037036,989.3592502962963,-91.30999999999999,29.48221287777778
2024-06-01T21:00:00-04:00,52.91783713888889,38.519999999999996,571.6570518703703,989.718173037037,-91.30999999999999,28.4852693462963
2024-06-01T22:00:00-04:00,58.75364458333333,38.519999999999996,616.746874574074,990.0836357592593,-91.30999999999999,26.50532310740741
2024-06-01T23:00:00-04:00,59.886006725925924,38.519999999999996,644.9027746851851,990.2742206666667,-91.30999999999999,25.68468648148148
2024-06-02T00:00:00-04:00,60.39080493148148,38.519999999999996,648.7581672592593,990.5341763888888,-91.30999999999999,25.02602277777778
2024-06-02T01:00:00-04:00,60.98971250555555,38.519999999999996,676.1366348148148,990.8824362222222,-91.30999999999999,24.467698294444446
2024-06-02T02:00:00-04:00,61.52572568148148,38.519999999999996,633.9127677407408,990.7662142407407,-91.30999999999999,23.807438262962965
2024-06-02T03:00:00-04:00,61.098581787037034,38.519999999999996,644.8348264444445,990.9315508333334,-91.30999999999999,23.489123629629628
2024-06-02T04:00:00-04:00,61.08441544444444,38.519999999999996,669.1998142962963,991.0812249444444,-91.30999999999999,22.931746964814813
2024-06-02T05:00:00-04:00,61.37629126851852,38.519999999999996,670.7281962592592,991.2993795555556,-91.30999999999999,22.49426596111111
2024-06-02T06:00:00-04:00,61.25301479814814,38.519999999999996,690.6519901666667,991.4154297777778,-91.30999999999999,22.149783637037036
2024-06-02T07:00:00-04:00,63.1448567111111,38.519999999999996,692.702554462963,991.9407879074075,-91.30999999999999,21.77756544074074
2024-06-02T08:00:00-04:00,63.30567714814815,38.519999999999996,672.6694697407407,992.3623006666666,-91.30999999999999,23.03827462222222
2024-06-02T09:00:00-04:00,62.38580760185185,38.519999999999996,565.1742867407407,992.5210622037037,-91.30999999999999,25.202149201851853
2024-06-02T10:00:00-04:00,59.293631107407414,38.519999999999996,522.6142030925926,992.4435942407407,-91.30999999999999,26.81255157962963
2024-06-02T11:00:00-04:00,53.85232928333333,38.519999999999996,536.1275311296297,992.5297840370371,-91.30999999999999,28.089723083333336
2024-06-02T12:00:00-04:00,47.36435970555556,38.519999999999996,534.5462735740741,992.273758037037,-91.30999999999999,30.219017866666665
2024-06-02T13:00:00-04:00,41.231265638888885,38.519999999999996,537.5332948703704,991.719546425926,-91.30999999999999,31.816939972222222
2024-06-02T14:00:00-04:00,37.78156711296297,38.519999999999996,538.9727767222222,991.4864131481481,-91.30999999999999,33.407837998148146
2024-06-02T15:00:00-04:00,36.32959756111111,38.519999999999996,542.5437754259259,991.0568895185186,-91.30999999999999,34.58702059814814
2024-06-02T16:00:00-04:00,37.0394354537037,38.519999999999996,534.7902191666667,990.128758462963,-91.30999999999999,34.858717401851855
2024-06-02T17:00:00-04:00,36.59548038888889,38.52,530.0573669333334,989.8276532000001,-91.31,34.76650764222222
2024-06-02T18:00:00-04:00,37.706074298148145,38.519999999999996,548.4569672037037,989.1503782777778,-91.30999999999999,34.549858012962964
2024-06-02T19:00:00-04:00,40.11826424814815,38.519999999999996,545.289464574074,988.8288303333334,-91.30999999999999,33.91844611296296
2024-06-02T20:00:00-04:00,44.14779460555555,38.519999999999996,555.1004369814815,988.9012601666667,-91.30999999999999,32.76611698703704
2024-06-02T21:00:00-04:00,48.02057349537037,38.519999999999996,542.6610118888889,988.5224822962963,-91.30999999999999,31.269378896296296
2024-06-02T22:00:00-04:00,51.77446633518518,38.519999999999996,555.6978903148149,988.5840768333333,-91.30999999999999,29.665905361111115
2024-06-02T23:00:00-04:00,55.003698768518525,38.519999999999996,569.2832307407407,988.3007770740741,-91.30999999999999,28.51440474074074
2024-06-03T00:00:00-04:00,54.596690924074075,38.519999999999996,574.6909549814815,987.8109113148148,-91.30999999999999,27.83135118518518
2024-06-03T01:00:00-04:00,55.676842942592586,38.519999999999996,544.6924229259259,988.7321631481482,-91.30999999999999,27.13994441111111
2024-06-03T02:00:00-04:00,57.45620674074074,38.519999999999996,558.6460509259258,989.6238544074074,-91.30999999999999,26.561141883333335
2024-06-03T03:00:00-04:00,58.91076826296296,38.519999999999996,605.1076532407408,989.191952111111,-91.30999999999999,25.865845522222223
2024-06-03T04:00:00-04:00,60.44022945,38.519999999999996,603.1447044444444,988.624283,-91.30999999999999,24.972386368518517
2024-06-03T05:00:00-04:00,61.19608331944445,38.519999999999996,583.7318698055556,987.8817907037036,-91.30999999999999,24.74477572962963
2024-06-03T06:00:00-04:00,60.66839993796296,38.519999999999996,585.8014996712963,987.635134925926,-91.30999999999999,24.975727438425924
2024-06-03T07:00:00-04:00,61.68295890509259,38.519999999999996,618.7621696620371,987.4239372777778,-91.30999999999999,24.738694196296297
2024-06-03T08:00:00-04:00,62.329553644444445,38.519999999999996,552.6729915185185,986.6558714814815,-91.30999999999999,25.814612235185184
2024-06-03T09:00:00-04:00,59.98864544074074,38.519999999999996,482.54779716666667,986.7987603518519,-91.30999999999999,27.867534914814815
2024-06-03T10:00:00-04:00,57.67972886851852,38.519999999999996,483.80561679629625,986.5724510740741,-91.30999999999999,29.43812056666667
2024-06-03T11:00:00-04:00,52.57194309814815,38.519999999999996,499.0786014444445,987.0693458333334,-91.30999999999999,31.060010555555554
2024-06-03T12:00:00-04:00,49.124820979629625,38.519999999999996,513.7120077407407,986.3420248333333,-91.30999999999999,32.89524085185185
2024-06-03T13:00:00-04:00,45.16945068333334,38.519999999999996,525.7253837222222,985.8235931296297,-91.30999999999999,34.191957770370365
2024-06-03T14:00:00-04:00,41.68894423888889,38.519999999999996,498.4680550925926,984.9882945370371,-91.30999999999999,35.312336449074074
2024-06-03T15:00:00-04:00,43.1317958462963,38.519999999999996,475.74354013888893,984.3646099907406,-91.30999999999999,35.36472947037037
2024-06-03T16:00:00-04:00,56.127625896296294,38.519999999999996,448.7081856111111,983.9422041111112,-91.30999999999999,32.107167144444446
2024-06-03T17:00:00-04:00,50.695561649999995,38.519999999999996,478.32101114814816,983.5427191481482,-91.30999999999999,33.981100714814815
2024-06-03T18:00:00-04:00,51.977638588888894,38.519999999999996,506.9957826111111,983.560176425926,-91.30999999999999,33.50076436481482
2024-06-03T19:00:00-04:00,52.00242472222223,38.519999999999996,504.2302990555556,982.7253159444444,-91.30999999999999,32.3394950462963
2024-06-03T20:00:00-04:00,53.43965447037037,38.519999999999996,509.0444328703704,982.4412781851853,-91.30999999999999,31.856704133333334
2024-06-03T21:00:00-04:00,55.83734546111111,38.519999999999996,533.8590301296297,982.2519064074074,-91.30999999999999,30.116913896296296
2024-06-03T22:00:00-04:00,58.05473765972223,38.519999999999996,540.8907178657407,982.520448074074,-91.30999999999999,28.827607726851852
2024-06-03T23:00:00-04:00,59.24971598148148,38.519999999999996,538.3072511481481,983.4681642592592,-91.30999999999999,28.29201980740741
2024-06-04T00:00:00-04:00,61.53024744444444,38.519999999999996,528.9223214444444,983.4194131481482,-91.30999999999999,27.491395194444443
2024-06-04T01:00:00-04:00,60.630994916666666,38.519999999999996,498.08353357407407,983.5055903518518,-91.30999999999999,27.57336895925926
2024-06-04T02:00:00-04:00,60.05453100185185,38.519999999999996,494.20144999999997,983.0798003888889,-91.30999999999999,27.622769474074072
2024-06-04T03:00:00-04:00,60.89129318888889,38.519999999999996,507.0276012407407,982.8542229259259,-91.30999999999999,27.36632359074074
2024-06-04T04:00:00-04:00,60.902749146296294,38.519999999999996,500.01592075925925,982.1514692592592,-91.30999999999999,27.282651605555554
2024-06-04T05:00:00-04:00,62.25498191296296,38.519999999999996,511.26544740277774,982.3045296574074,-91.30999999999999,26.740401375925924
2024-06-04T06:00:00-04:00,62.383163369444446,38.519999999999996,529.4674430277778,982.263581361111,-91.30999999999999,26.72167913148148
2024-06-04T07:00:00-04:00,62.825888250000006,38.519999999999996,511.20724370370374,982.9583278518518,-91.30999999999999,26.630237944444442
2024-06-04T08:00:00-04:00,61.232046848148144,38.519999999999996,498.4294224814815,983.3432304259259,-91.30999999999999,27.68842097037037
2024-06-04T09:00:00-04:00,58.68922736296296,38.519999999999996,512.1072146851852,983.3882230740742,-91.30999999999999,28.578586637037038
2024-06-04T10:00:00-04:00,56.09066346851852,38.519999999999996,523.2697477037037,983.2856018518519,-91.30999999999999,29.063247022222225
2024-06-04T11:00:00-04:00,51.529809304947825,38.519999999999996,522.4977557853304,982.5652500092916,-91.30999999999999,30.447241906935655
2024-06-04T12:00:00-04:00,49.6011964537037,38.519999999999996,510.4635333888889,982.7290821296297,-91.30999999999999,31.177564248148148
2024-06-04T13:00:00-04:00,55.25118181616162,38.519999999999996,493.71964989898987,982.6506454343433,-91.30999999999999,31.04311406868687
2024-06-04T14:00:00-04:00,56.08836069629629,38.519999999999996,462.9826547592593,981.8558736851852,-91.30999999999999,31.776963149999997
2024-06-04T15:00:00-04:00,50.36955765370371,38.519999999999996,489.57737214814813,981.5825949814814,-91.30999999999999,32.898221568518515
2024-06-04T16:00:00-04:00,49.71065701851852,38.519999999999996,516.2948735,981.4742169814815,-91.30999999999999,33.23398178703704
2024-06-04T17:00:00-04:00,50.997178553703705,38.519999999999996,504.41846885185186,981.1979397037037,-91.30999999999999,32.79159617222222
2024-06-04T18:00:00-04:00,50.94001890211641,38.519999999999996,502.90550719841275,980.6418705370371,-91.30999999999999,32.75880852962963
2024-06-04T19:00:00-04:00,52.01154514427609,38.519999999999996,491.5353108299663,980.5847568552188,-91.30999999999999,32.532159957744106
2024-06-04T20:00:00-04:00,53.35638144074074,38.519999999999996,500.0652481111111,980.6445247777777,-91.30999999999999,31.231556538888885
2024-06-04T21:00:00-04:00,53.10931724814815,38.519999999999996,528.3098204444444,981.0837489074074,-91.30999999999999,31.034640705555553
2024-06-04T22:00:00-04:00,54.083887231481484,38.519999999999996,535.6312571481482,981.888615037037,-91.30999999999999,30.28353923148148
2024-06-04T23:00:00-04:00,56.7463152462963,38.519999999999996,523.0352025740741,982.0161985555554,-91.30999999999999,29.0998682537037
2024-06-05T00:00:00-04:00,57.16823262407407,38.519999999999996,505.2509939814815,982.0455645555555,-91.30999999999999,28.91127589074074
2024-06-05T01:00:00-04:00,57.847939422222225,38.519999999999996,517.673380574074,981.4251107592593,-91.30999999999999,28.700890779629628
2024-06-05T02:00:00-04:00,58.86186325925926,38.519999999999996,522.6533314629629,980.051680425926,-91.30999999999999,28.387750105555554
2024-06-05T03:00:00-04:00,60.3543611,38.519999999999996,509.98893364814813,980.0331786111111,-91.30999999999999,27.78581832962963
2024-06-05T04:00:00-04:00,62.382441444444446,38.519999999999996,524.8799553703705,980.3406765000001,-91.30999999999999,27.298090533333333
2024-06-05T05:00:00-04:00,64.32105733333333,38.519999999999996,473.9981006111111,981.1317077407407,-91.30999999999999,27.21642437962963
2024-06-05T06:00:00-04:00,64.25817038888889,38.52,486.0211916666667,980.4658140740742,-91.31,27.149866302469135
